From DC;To Country;Channel;Max Pallet Weight kg;Fixed Cost per Pallet EUR;Variable Cost EUR per kg;Last-mile Share %;Linehaul Share %;Formula (Pallets);Formula (Total Transport Cost);Formula (Last-mile Cost);Formula (Linehaul Cost);Linehaul Leg;Last-mile Leg
BE-DC1;AT;E-commerce;200;57,08;0,072;0,12;0,88;CEILING(Order_Total_Weight_kg / 200);Pallets * Fixed_Cost_per_Pallet + Order_Total_Weight_kg * Variable_Cost_per_kg;Total_Transport_Cost * Last-mile_Share;Total_Transport_Cost - Last-mile_Cost;BE Hub ? Local Hub;Local Hub ? Customer
BE-DC1;AT;Pharmacy;200;54,02;0,0707;0,1;0,9;CEILING(Order_Total_Weight_kg / 200);Pallets * Fixed_Cost_per_Pallet + Order_Total_Weight_kg * Variable_Cost_per_kg;Total_Transport_Cost * Last-mile_Share;Total_Transport_Cost - Last-mile_Cost;BE Hub ? Local Hub;Local Hub ? Customer
BE-DC1;AT;Retail;200;50,96;0,0686;0,08;0,92;CEILING(Order_Total_Weight_kg / 200);Pallets * Fixed_Cost_per_Pallet + Order_Total_Weight_kg * Variable_Cost_per_kg;Total_Transport_Cost * Last-mile_Share;Total_Transport_Cost - Last-mile_Cost;BE Hub ? Local Hub;Local Hub ? Customer
BE-DC1;AT;Retail Sport;200;49,94;0,0679;0,08;0,92;CEILING(Order_Total_Weight_kg / 200);Pallets * Fixed_Cost_per_Pallet + Order_Total_Weight_kg * Variable_Cost_per_kg;Total_Transport_Cost * Last-mile_Share;Total_Transport_Cost - Last-mile_Cost;BE Hub ? Local Hub;Local Hub ? Customer
BE-DC1;BE;E-commerce;200;42,81;0,0576;0,12;0,88;CEILING(Order_Total_Weight_kg / 200);Pallets * Fixed_Cost_per_Pallet + Order_Total_Weight_kg * Variable_Cost_per_kg;Total_Transport_Cost * Last-mile_Share;Total_Transport_Cost - Last-mile_Cost;BE Hub ? Local Hub;Local Hub ? Customer
BE-DC1;BE;Pharmacy;200;40,51;0,0565;0,1;0,9;CEILING(Order_Total_Weight_kg / 200);Pallets * Fixed_Cost_per_Pallet + Order_Total_Weight_kg * Variable_Cost_per_kg;Total_Transport_Cost * Last-mile_Share;Total_Transport_Cost - Last-mile_Cost;BE Hub ? Local Hub;Local Hub ? Customer
BE-DC1;BE;Retail;200;38,22;0,0549;0,08;0,92;CEILING(Order_Total_Weight_kg / 200);Pallets * Fixed_Cost_per_Pallet + Order_Total_Weight_kg * Variable_Cost_per_kg;Total_Transport_Cost * Last-mile_Share;Total_Transport_Cost - Last-mile_Cost;BE Hub ? Local Hub;Local Hub ? Customer
BE-DC1;BE;Retail Sport;200;37,46;0,0543;0,08;0,92;CEILING(Order_Total_Weight_kg / 200);Pallets * Fixed_Cost_per_Pallet + Order_Total_Weight_kg * Variable_Cost_per_kg;Total_Transport_Cost * Last-mile_Share;Total_Transport_Cost - Last-mile_Cost;BE Hub ? Local Hub;Local Hub ? Customer
BE-DC1;BG;E-commerce;200;85,61;0,0875;0,12;0,88;CEILING(Order_Total_Weight_kg / 200);Pallets * Fixed_Cost_per_Pallet + Order_Total_Weight_kg * Variable_Cost_per_kg;Total_Transport_Cost * Last-mile_Share;Total_Transport_Cost - Last-mile_Cost;BE Hub ? Local Hub;Local Hub ? Customer
BE-DC1;BG;Pharmacy;200;81,03;0,0858;0,1;0,9;CEILING(Order_Total_Weight_kg / 200);Pallets * Fixed_Cost_per_Pallet + Order_Total_Weight_kg * Variable_Cost_per_kg;Total_Transport_Cost * Last-mile_Share;Total_Transport_Cost - Last-mile_Cost;BE Hub ? Local Hub;Local Hub ? Customer
BE-DC1;BG;Retail;200;76,44;0,0833;0,08;0,92;CEILING(Order_Total_Weight_kg / 200);Pallets * Fixed_Cost_per_Pallet + Order_Total_Weight_kg * Variable_Cost_per_kg;Total_Transport_Cost * Last-mile_Share;Total_Transport_Cost - Last-mile_Cost;BE Hub ? Local Hub;Local Hub ? Customer
BE-DC1;BG;Retail Sport;200;74,91;0,0825;0,08;0,92;CEILING(Order_Total_Weight_kg / 200);Pallets * Fixed_Cost_per_Pallet + Order_Total_Weight_kg * Variable_Cost_per_kg;Total_Transport_Cost * Last-mile_Share;Total_Transport_Cost - Last-mile_Cost;BE Hub ? Local Hub;Local Hub ? Customer
BE-DC1;CY;E-commerce;200;160,03;0,1235;0,12;0,88;CEILING(Order_Total_Weight_kg / 200);Pallets * Fixed_Cost_per_Pallet + Order_Total_Weight_kg * Variable_Cost_per_kg;Total_Transport_Cost * Last-mile_Share;Total_Transport_Cost - Last-mile_Cost;BE Hub ? Local Hub;Local Hub ? Customer
BE-DC1;CY;Pharmacy;200;151,46;0,1211;0,1;0,9;CEILING(Order_Total_Weight_kg / 200);Pallets * Fixed_Cost_per_Pallet + Order_Total_Weight_kg * Variable_Cost_per_kg;Total_Transport_Cost * Last-mile_Share;Total_Transport_Cost - Last-mile_Cost;BE Hub ? Local Hub;Local Hub ? Customer
BE-DC1;CY;Retail;200;142,88;0,1176;0,08;0,92;CEILING(Order_Total_Weight_kg / 200);Pallets * Fixed_Cost_per_Pallet + Order_Total_Weight_kg * Variable_Cost_per_kg;Total_Transport_Cost * Last-mile_Share;Total_Transport_Cost - Last-mile_Cost;BE Hub ? Local Hub;Local Hub ? Customer
BE-DC1;CY;Retail Sport;200;140,03;0,1164;0,08;0,92;CEILING(Order_Total_Weight_kg / 200);Pallets * Fixed_Cost_per_Pallet + Order_Total_Weight_kg * Variable_Cost_per_kg;Total_Transport_Cost * Last-mile_Share;Total_Transport_Cost - Last-mile_Cost;BE Hub ? Local Hub;Local Hub ? Customer
BE-DC1;CZ;E-commerce;200;85,61;0,0875;0,12;0,88;CEILING(Order_Total_Weight_kg / 200);Pallets * Fixed_Cost_per_Pallet + Order_Total_Weight_kg * Variable_Cost_per_kg;Total_Transport_Cost * Last-mile_Share;Total_Transport_Cost - Last-mile_Cost;BE Hub ? Local Hub;Local Hub ? Customer
BE-DC1;CZ;Pharmacy;200;81,03;0,0858;0,1;0,9;CEILING(Order_Total_Weight_kg / 200);Pallets * Fixed_Cost_per_Pallet + Order_Total_Weight_kg * Variable_Cost_per_kg;Total_Transport_Cost * Last-mile_Share;Total_Transport_Cost - Last-mile_Cost;BE Hub ? Local Hub;Local Hub ? Customer
BE-DC1;CZ;Retail;200;76,44;0,0833;0,08;0,92;CEILING(Order_Total_Weight_kg / 200);Pallets * Fixed_Cost_per_Pallet + Order_Total_Weight_kg * Variable_Cost_per_kg;Total_Transport_Cost * Last-mile_Share;Total_Transport_Cost - Last-mile_Cost;BE Hub ? Local Hub;Local Hub ? Customer
BE-DC1;CZ;Retail Sport;200;74,91;0,0825;0,08;0,92;CEILING(Order_Total_Weight_kg / 200);Pallets * Fixed_Cost_per_Pallet + Order_Total_Weight_kg * Variable_Cost_per_kg;Total_Transport_Cost * Last-mile_Share;Total_Transport_Cost - Last-mile_Cost;BE Hub ? Local Hub;Local Hub ? Customer
BE-DC1;DE;E-commerce;200;57,08;0,072;0,12;0,88;CEILING(Order_Total_Weight_kg / 200);Pallets * Fixed_Cost_per_Pallet + Order_Total_Weight_kg * Variable_Cost_per_kg;Total_Transport_Cost * Last-mile_Share;Total_Transport_Cost - Last-mile_Cost;BE Hub ? Local Hub;Local Hub ? Customer
BE-DC1;DE;Pharmacy;200;54,02;0,0707;0,1;0,9;CEILING(Order_Total_Weight_kg / 200);Pallets * Fixed_Cost_per_Pallet + Order_Total_Weight_kg * Variable_Cost_per_kg;Total_Transport_Cost * Last-mile_Share;Total_Transport_Cost - Last-mile_Cost;BE Hub ? Local Hub;Local Hub ? Customer
BE-DC1;DE;Retail;200;50,96;0,0686;0,08;0,92;CEILING(Order_Total_Weight_kg / 200);Pallets * Fixed_Cost_per_Pallet + Order_Total_Weight_kg * Variable_Cost_per_kg;Total_Transport_Cost * Last-mile_Share;Total_Transport_Cost - Last-mile_Cost;BE Hub ? Local Hub;Local Hub ? Customer
BE-DC1;DE;Retail Sport;200;49,94;0,0679;0,08;0,92;CEILING(Order_Total_Weight_kg / 200);Pallets * Fixed_Cost_per_Pallet + Order_Total_Weight_kg * Variable_Cost_per_kg;Total_Transport_Cost * Last-mile_Share;Total_Transport_Cost - Last-mile_Cost;BE Hub ? Local Hub;Local Hub ? Customer
BE-DC1;DK;E-commerce;200;100,98;0,0978;0,12;0,88;CEILING(Order_Total_Weight_kg / 200);Pallets * Fixed_Cost_per_Pallet + Order_Total_Weight_kg * Variable_Cost_per_kg;Total_Transport_Cost * Last-mile_Share;Total_Transport_Cost - Last-mile_Cost;BE Hub ? Local Hub;Local Hub ? Customer
BE-DC1;DK;Pharmacy;200;95,57;0,0959;0,1;0,9;CEILING(Order_Total_Weight_kg / 200);Pallets * Fixed_Cost_per_Pallet + Order_Total_Weight_kg * Variable_Cost_per_kg;Total_Transport_Cost * Last-mile_Share;Total_Transport_Cost - Last-mile_Cost;BE Hub ? Local Hub;Local Hub ? Customer
BE-DC1;DK;Retail;200;90,16;0,0931;0,08;0,92;CEILING(Order_Total_Weight_kg / 200);Pallets * Fixed_Cost_per_Pallet + Order_Total_Weight_kg * Variable_Cost_per_kg;Total_Transport_Cost * Last-mile_Share;Total_Transport_Cost - Last-mile_Cost;BE Hub ? Local Hub;Local Hub ? Customer
BE-DC1;DK;Retail Sport;200;88,36;0,0922;0,08;0,92;CEILING(Order_Total_Weight_kg / 200);Pallets * Fixed_Cost_per_Pallet + Order_Total_Weight_kg * Variable_Cost_per_kg;Total_Transport_Cost * Last-mile_Share;Total_Transport_Cost - Last-mile_Cost;BE Hub ? Local Hub;Local Hub ? Customer
BE-DC1;EE;E-commerce;200;111,96;0,108;0,12;0,88;CEILING(Order_Total_Weight_kg / 200);Pallets * Fixed_Cost_per_Pallet + Order_Total_Weight_kg * Variable_Cost_per_kg;Total_Transport_Cost * Last-mile_Share;Total_Transport_Cost - Last-mile_Cost;BE Hub ? Local Hub;Local Hub ? Customer
BE-DC1;EE;Pharmacy;200;105,96;0,106;0,1;0,9;CEILING(Order_Total_Weight_kg / 200);Pallets * Fixed_Cost_per_Pallet + Order_Total_Weight_kg * Variable_Cost_per_kg;Total_Transport_Cost * Last-mile_Share;Total_Transport_Cost - Last-mile_Cost;BE Hub ? Local Hub;Local Hub ? Customer
BE-DC1;EE;Retail;200;99,96;0,1029;0,08;0,92;CEILING(Order_Total_Weight_kg / 200);Pallets * Fixed_Cost_per_Pallet + Order_Total_Weight_kg * Variable_Cost_per_kg;Total_Transport_Cost * Last-mile_Share;Total_Transport_Cost - Last-mile_Cost;BE Hub ? Local Hub;Local Hub ? Customer
BE-DC1;EE;Retail Sport;200;97,96;0,1019;0,08;0,92;CEILING(Order_Total_Weight_kg / 200);Pallets * Fixed_Cost_per_Pallet + Order_Total_Weight_kg * Variable_Cost_per_kg;Total_Transport_Cost * Last-mile_Share;Total_Transport_Cost - Last-mile_Cost;BE Hub ? Local Hub;Local Hub ? Customer
BE-DC1;ES;E-commerce;200;118,54;0,1029;0,12;0,88;CEILING(Order_Total_Weight_kg / 200);Pallets * Fixed_Cost_per_Pallet + Order_Total_Weight_kg * Variable_Cost_per_kg;Total_Transport_Cost * Last-mile_Share;Total_Transport_Cost - Last-mile_Cost;BE Hub ? Local Hub;Local Hub ? Customer
BE-DC1;ES;Pharmacy;200;112,19;0,1009;0,1;0,9;CEILING(Order_Total_Weight_kg / 200);Pallets * Fixed_Cost_per_Pallet + Order_Total_Weight_kg * Variable_Cost_per_kg;Total_Transport_Cost * Last-mile_Share;Total_Transport_Cost - Last-mile_Cost;BE Hub ? Local Hub;Local Hub ? Customer
BE-DC1;ES;Retail;200;105,84;0,098;0,08;0,92;CEILING(Order_Total_Weight_kg / 200);Pallets * Fixed_Cost_per_Pallet + Order_Total_Weight_kg * Variable_Cost_per_kg;Total_Transport_Cost * Last-mile_Share;Total_Transport_Cost - Last-mile_Cost;BE Hub ? Local Hub;Local Hub ? Customer
BE-DC1;ES;Retail Sport;200;103,72;0,097;0,08;0,92;CEILING(Order_Total_Weight_kg / 200);Pallets * Fixed_Cost_per_Pallet + Order_Total_Weight_kg * Variable_Cost_per_kg;Total_Transport_Cost * Last-mile_Share;Total_Transport_Cost - Last-mile_Cost;BE Hub ? Local Hub;Local Hub ? Customer
BE-DC1;FI;E-commerce;200;100,98;0,0978;0,12;0,88;CEILING(Order_Total_Weight_kg / 200);Pallets * Fixed_Cost_per_Pallet + Order_Total_Weight_kg * Variable_Cost_per_kg;Total_Transport_Cost * Last-mile_Share;Total_Transport_Cost - Last-mile_Cost;BE Hub ? Local Hub;Local Hub ? Customer
BE-DC1;FI;Pharmacy;200;95,57;0,0959;0,1;0,9;CEILING(Order_Total_Weight_kg / 200);Pallets * Fixed_Cost_per_Pallet + Order_Total_Weight_kg * Variable_Cost_per_kg;Total_Transport_Cost * Last-mile_Share;Total_Transport_Cost - Last-mile_Cost;BE Hub ? Local Hub;Local Hub ? Customer
BE-DC1;FI;Retail;200;90,16;0,0931;0,08;0,92;CEILING(Order_Total_Weight_kg / 200);Pallets * Fixed_Cost_per_Pallet + Order_Total_Weight_kg * Variable_Cost_per_kg;Total_Transport_Cost * Last-mile_Share;Total_Transport_Cost - Last-mile_Cost;BE Hub ? Local Hub;Local Hub ? Customer
BE-DC1;FI;Retail Sport;200;88,36;0,0922;0,08;0,92;CEILING(Order_Total_Weight_kg / 200);Pallets * Fixed_Cost_per_Pallet + Order_Total_Weight_kg * Variable_Cost_per_kg;Total_Transport_Cost * Last-mile_Share;Total_Transport_Cost - Last-mile_Cost;BE Hub ? Local Hub;Local Hub ? Customer
BE-DC1;FR;E-commerce;200;57,08;0,072;0,12;0,88;CEILING(Order_Total_Weight_kg / 200);Pallets * Fixed_Cost_per_Pallet + Order_Total_Weight_kg * Variable_Cost_per_kg;Total_Transport_Cost * Last-mile_Share;Total_Transport_Cost - Last-mile_Cost;BE Hub ? Local Hub;Local Hub ? Customer
BE-DC1;FR;Pharmacy;200;54,02;0,0707;0,1;0,9;CEILING(Order_Total_Weight_kg / 200);Pallets * Fixed_Cost_per_Pallet + Order_Total_Weight_kg * Variable_Cost_per_kg;Total_Transport_Cost * Last-mile_Share;Total_Transport_Cost - Last-mile_Cost;BE Hub ? Local Hub;Local Hub ? Customer
BE-DC1;FR;Retail;200;50,96;0,0686;0,08;0,92;CEILING(Order_Total_Weight_kg / 200);Pallets * Fixed_Cost_per_Pallet + Order_Total_Weight_kg * Variable_Cost_per_kg;Total_Transport_Cost * Last-mile_Share;Total_Transport_Cost - Last-mile_Cost;BE Hub ? Local Hub;Local Hub ? Customer
BE-DC1;FR;Retail Sport;200;49,94;0,0679;0,08;0,92;CEILING(Order_Total_Weight_kg / 200);Pallets * Fixed_Cost_per_Pallet + Order_Total_Weight_kg * Variable_Cost_per_kg;Total_Transport_Cost * Last-mile_Share;Total_Transport_Cost - Last-mile_Cost;BE Hub ? Local Hub;Local Hub ? Customer
BE-DC1;GR;E-commerce;200;118,54;0,1029;0,12;0,88;CEILING(Order_Total_Weight_kg / 200);Pallets * Fixed_Cost_per_Pallet + Order_Total_Weight_kg * Variable_Cost_per_kg;Total_Transport_Cost * Last-mile_Share;Total_Transport_Cost - Last-mile_Cost;BE Hub ? Local Hub;Local Hub ? Customer
BE-DC1;GR;Pharmacy;200;112,19;0,1009;0,1;0,9;CEILING(Order_Total_Weight_kg / 200);Pallets * Fixed_Cost_per_Pallet + Order_Total_Weight_kg * Variable_Cost_per_kg;Total_Transport_Cost * Last-mile_Share;Total_Transport_Cost - Last-mile_Cost;BE Hub ? Local Hub;Local Hub ? Customer
BE-DC1;GR;Retail;200;105,84;0,098;0,08;0,92;CEILING(Order_Total_Weight_kg / 200);Pallets * Fixed_Cost_per_Pallet + Order_Total_Weight_kg * Variable_Cost_per_kg;Total_Transport_Cost * Last-mile_Share;Total_Transport_Cost - Last-mile_Cost;BE Hub ? Local Hub;Local Hub ? Customer
BE-DC1;GR;Retail Sport;200;103,72;0,097;0,08;0,92;CEILING(Order_Total_Weight_kg / 200);Pallets * Fixed_Cost_per_Pallet + Order_Total_Weight_kg * Variable_Cost_per_kg;Total_Transport_Cost * Last-mile_Share;Total_Transport_Cost - Last-mile_Cost;BE Hub ? Local Hub;Local Hub ? Customer
BE-DC1;HR;E-commerce;200;85,61;0,0875;0,12;0,88;CEILING(Order_Total_Weight_kg / 200);Pallets * Fixed_Cost_per_Pallet + Order_Total_Weight_kg * Variable_Cost_per_kg;Total_Transport_Cost * Last-mile_Share;Total_Transport_Cost - Last-mile_Cost;BE Hub ? Local Hub;Local Hub ? Customer
BE-DC1;HR;Pharmacy;200;81,03;0,0858;0,1;0,9;CEILING(Order_Total_Weight_kg / 200);Pallets * Fixed_Cost_per_Pallet + Order_Total_Weight_kg * Variable_Cost_per_kg;Total_Transport_Cost * Last-mile_Share;Total_Transport_Cost - Last-mile_Cost;BE Hub ? Local Hub;Local Hub ? Customer
BE-DC1;HR;Retail;200;76,44;0,0833;0,08;0,92;CEILING(Order_Total_Weight_kg / 200);Pallets * Fixed_Cost_per_Pallet + Order_Total_Weight_kg * Variable_Cost_per_kg;Total_Transport_Cost * Last-mile_Share;Total_Transport_Cost - Last-mile_Cost;BE Hub ? Local Hub;Local Hub ? Customer
BE-DC1;HR;Retail Sport;200;74,91;0,0825;0,08;0,92;CEILING(Order_Total_Weight_kg / 200);Pallets * Fixed_Cost_per_Pallet + Order_Total_Weight_kg * Variable_Cost_per_kg;Total_Transport_Cost * Last-mile_Share;Total_Transport_Cost - Last-mile_Cost;BE Hub ? Local Hub;Local Hub ? Customer
BE-DC1;HU;E-commerce;200;85,61;0,0875;0,12;0,88;CEILING(Order_Total_Weight_kg / 200);Pallets * Fixed_Cost_per_Pallet + Order_Total_Weight_kg * Variable_Cost_per_kg;Total_Transport_Cost * Last-mile_Share;Total_Transport_Cost - Last-mile_Cost;BE Hub ? Local Hub;Local Hub ? Customer
BE-DC1;HU;Pharmacy;200;81,03;0,0858;0,1;0,9;CEILING(Order_Total_Weight_kg / 200);Pallets * Fixed_Cost_per_Pallet + Order_Total_Weight_kg * Variable_Cost_per_kg;Total_Transport_Cost * Last-mile_Share;Total_Transport_Cost - Last-mile_Cost;BE Hub ? Local Hub;Local Hub ? Customer
BE-DC1;HU;Retail;200;76,44;0,0833;0,08;0,92;CEILING(Order_Total_Weight_kg / 200);Pallets * Fixed_Cost_per_Pallet + Order_Total_Weight_kg * Variable_Cost_per_kg;Total_Transport_Cost * Last-mile_Share;Total_Transport_Cost - Last-mile_Cost;BE Hub ? Local Hub;Local Hub ? Customer
BE-DC1;HU;Retail Sport;200;74,91;0,0825;0,08;0,92;CEILING(Order_Total_Weight_kg / 200);Pallets * Fixed_Cost_per_Pallet + Order_Total_Weight_kg * Variable_Cost_per_kg;Total_Transport_Cost * Last-mile_Share;Total_Transport_Cost - Last-mile_Cost;BE Hub ? Local Hub;Local Hub ? Customer
BE-DC1;IE;E-commerce;200;57,08;0,072;0,12;0,88;CEILING(Order_Total_Weight_kg / 200);Pallets * Fixed_Cost_per_Pallet + Order_Total_Weight_kg * Variable_Cost_per_kg;Total_Transport_Cost * Last-mile_Share;Total_Transport_Cost - Last-mile_Cost;BE Hub ? Local Hub;Local Hub ? Customer
BE-DC1;IE;Pharmacy;200;54,02;0,0707;0,1;0,9;CEILING(Order_Total_Weight_kg / 200);Pallets * Fixed_Cost_per_Pallet + Order_Total_Weight_kg * Variable_Cost_per_kg;Total_Transport_Cost * Last-mile_Share;Total_Transport_Cost - Last-mile_Cost;BE Hub ? Local Hub;Local Hub ? Customer
BE-DC1;IE;Retail;200;50,96;0,0686;0,08;0,92;CEILING(Order_Total_Weight_kg / 200);Pallets * Fixed_Cost_per_Pallet + Order_Total_Weight_kg * Variable_Cost_per_kg;Total_Transport_Cost * Last-mile_Share;Total_Transport_Cost - Last-mile_Cost;BE Hub ? Local Hub;Local Hub ? Customer
BE-DC1;IE;Retail Sport;200;49,94;0,0679;0,08;0,92;CEILING(Order_Total_Weight_kg / 200);Pallets * Fixed_Cost_per_Pallet + Order_Total_Weight_kg * Variable_Cost_per_kg;Total_Transport_Cost * Last-mile_Share;Total_Transport_Cost - Last-mile_Cost;BE Hub ? Local Hub;Local Hub ? Customer
BE-DC1;IT;E-commerce;200;118,54;0,1029;0,12;0,88;CEILING(Order_Total_Weight_kg / 200);Pallets * Fixed_Cost_per_Pallet + Order_Total_Weight_kg * Variable_Cost_per_kg;Total_Transport_Cost * Last-mile_Share;Total_Transport_Cost - Last-mile_Cost;BE Hub ? Local Hub;Local Hub ? Customer
BE-DC1;IT;Pharmacy;200;112,19;0,1009;0,1;0,9;CEILING(Order_Total_Weight_kg / 200);Pallets * Fixed_Cost_per_Pallet + Order_Total_Weight_kg * Variable_Cost_per_kg;Total_Transport_Cost * Last-mile_Share;Total_Transport_Cost - Last-mile_Cost;BE Hub ? Local Hub;Local Hub ? Customer
BE-DC1;IT;Retail;200;105,84;0,098;0,08;0,92;CEILING(Order_Total_Weight_kg / 200);Pallets * Fixed_Cost_per_Pallet + Order_Total_Weight_kg * Variable_Cost_per_kg;Total_Transport_Cost * Last-mile_Share;Total_Transport_Cost - Last-mile_Cost;BE Hub ? Local Hub;Local Hub ? Customer
BE-DC1;IT;Retail Sport;200;103,72;0,097;0,08;0,92;CEILING(Order_Total_Weight_kg / 200);Pallets * Fixed_Cost_per_Pallet + Order_Total_Weight_kg * Variable_Cost_per_kg;Total_Transport_Cost * Last-mile_Share;Total_Transport_Cost - Last-mile_Cost;BE Hub ? Local Hub;Local Hub ? Customer
BE-DC1;LT;E-commerce;200;111,96;0,108;0,12;0,88;CEILING(Order_Total_Weight_kg / 200);Pallets * Fixed_Cost_per_Pallet + Order_Total_Weight_kg * Variable_Cost_per_kg;Total_Transport_Cost * Last-mile_Share;Total_Transport_Cost - Last-mile_Cost;BE Hub ? Local Hub;Local Hub ? Customer
BE-DC1;LT;Pharmacy;200;105,96;0,106;0,1;0,9;CEILING(Order_Total_Weight_kg / 200);Pallets * Fixed_Cost_per_Pallet + Order_Total_Weight_kg * Variable_Cost_per_kg;Total_Transport_Cost * Last-mile_Share;Total_Transport_Cost - Last-mile_Cost;BE Hub ? Local Hub;Local Hub ? Customer
BE-DC1;LT;Retail;200;99,96;0,1029;0,08;0,92;CEILING(Order_Total_Weight_kg / 200);Pallets * Fixed_Cost_per_Pallet + Order_Total_Weight_kg * Variable_Cost_per_kg;Total_Transport_Cost * Last-mile_Share;Total_Transport_Cost - Last-mile_Cost;BE Hub ? Local Hub;Local Hub ? Customer
BE-DC1;LT;Retail Sport;200;97,96;0,1019;0,08;0,92;CEILING(Order_Total_Weight_kg / 200);Pallets * Fixed_Cost_per_Pallet + Order_Total_Weight_kg * Variable_Cost_per_kg;Total_Transport_Cost * Last-mile_Share;Total_Transport_Cost - Last-mile_Cost;BE Hub ? Local Hub;Local Hub ? Customer
BE-DC1;LU;E-commerce;200;57,08;0,072;0,12;0,88;CEILING(Order_Total_Weight_kg / 200);Pallets * Fixed_Cost_per_Pallet + Order_Total_Weight_kg * Variable_Cost_per_kg;Total_Transport_Cost * Last-mile_Share;Total_Transport_Cost - Last-mile_Cost;BE Hub ? Local Hub;Local Hub ? Customer
BE-DC1;LU;Pharmacy;200;54,02;0,0707;0,1;0,9;CEILING(Order_Total_Weight_kg / 200);Pallets * Fixed_Cost_per_Pallet + Order_Total_Weight_kg * Variable_Cost_per_kg;Total_Transport_Cost * Last-mile_Share;Total_Transport_Cost - Last-mile_Cost;BE Hub ? Local Hub;Local Hub ? Customer
BE-DC1;LU;Retail;200;50,96;0,0686;0,08;0,92;CEILING(Order_Total_Weight_kg / 200);Pallets * Fixed_Cost_per_Pallet + Order_Total_Weight_kg * Variable_Cost_per_kg;Total_Transport_Cost * Last-mile_Share;Total_Transport_Cost - Last-mile_Cost;BE Hub ? Local Hub;Local Hub ? Customer
BE-DC1;LU;Retail Sport;200;49,94;0,0679;0,08;0,92;CEILING(Order_Total_Weight_kg / 200);Pallets * Fixed_Cost_per_Pallet + Order_Total_Weight_kg * Variable_Cost_per_kg;Total_Transport_Cost * Last-mile_Share;Total_Transport_Cost - Last-mile_Cost;BE Hub ? Local Hub;Local Hub ? Customer
BE-DC1;LV;E-commerce;200;111,96;0,108;0,12;0,88;CEILING(Order_Total_Weight_kg / 200);Pallets * Fixed_Cost_per_Pallet + Order_Total_Weight_kg * Variable_Cost_per_kg;Total_Transport_Cost * Last-mile_Share;Total_Transport_Cost - Last-mile_Cost;BE Hub ? Local Hub;Local Hub ? Customer
BE-DC1;LV;Pharmacy;200;105,96;0,106;0,1;0,9;CEILING(Order_Total_Weight_kg / 200);Pallets * Fixed_Cost_per_Pallet + Order_Total_Weight_kg * Variable_Cost_per_kg;Total_Transport_Cost * Last-mile_Share;Total_Transport_Cost - Last-mile_Cost;BE Hub ? Local Hub;Local Hub ? Customer
BE-DC1;LV;Retail;200;99,96;0,1029;0,08;0,92;CEILING(Order_Total_Weight_kg / 200);Pallets * Fixed_Cost_per_Pallet + Order_Total_Weight_kg * Variable_Cost_per_kg;Total_Transport_Cost * Last-mile_Share;Total_Transport_Cost - Last-mile_Cost;BE Hub ? Local Hub;Local Hub ? Customer
BE-DC1;LV;Retail Sport;200;97,96;0,1019;0,08;0,92;CEILING(Order_Total_Weight_kg / 200);Pallets * Fixed_Cost_per_Pallet + Order_Total_Weight_kg * Variable_Cost_per_kg;Total_Transport_Cost * Last-mile_Share;Total_Transport_Cost - Last-mile_Cost;BE Hub ? Local Hub;Local Hub ? Customer
BE-DC1;MT;E-commerce;200;160,03;0,1235;0,12;0,88;CEILING(Order_Total_Weight_kg / 200);Pallets * Fixed_Cost_per_Pallet + Order_Total_Weight_kg * Variable_Cost_per_kg;Total_Transport_Cost * Last-mile_Share;Total_Transport_Cost - Last-mile_Cost;BE Hub ? Local Hub;Local Hub ? Customer
BE-DC1;MT;Pharmacy;200;151,46;0,1211;0,1;0,9;CEILING(Order_Total_Weight_kg / 200);Pallets * Fixed_Cost_per_Pallet + Order_Total_Weight_kg * Variable_Cost_per_kg;Total_Transport_Cost * Last-mile_Share;Total_Transport_Cost - Last-mile_Cost;BE Hub ? Local Hub;Local Hub ? Customer
BE-DC1;MT;Retail;200;142,88;0,1176;0,08;0,92;CEILING(Order_Total_Weight_kg / 200);Pallets * Fixed_Cost_per_Pallet + Order_Total_Weight_kg * Variable_Cost_per_kg;Total_Transport_Cost * Last-mile_Share;Total_Transport_Cost - Last-mile_Cost;BE Hub ? Local Hub;Local Hub ? Customer
BE-DC1;MT;Retail Sport;200;140,03;0,1164;0,08;0,92;CEILING(Order_Total_Weight_kg / 200);Pallets * Fixed_Cost_per_Pallet + Order_Total_Weight_kg * Variable_Cost_per_kg;Total_Transport_Cost * Last-mile_Share;Total_Transport_Cost - Last-mile_Cost;BE Hub ? Local Hub;Local Hub ? Customer
BE-DC1;NL;E-commerce;200;57,08;0,072;0,12;0,88;CEILING(Order_Total_Weight_kg / 200);Pallets * Fixed_Cost_per_Pallet + Order_Total_Weight_kg * Variable_Cost_per_kg;Total_Transport_Cost * Last-mile_Share;Total_Transport_Cost - Last-mile_Cost;BE Hub ? Local Hub;Local Hub ? Customer
BE-DC1;NL;Pharmacy;200;54,02;0,0707;0,1;0,9;CEILING(Order_Total_Weight_kg / 200);Pallets * Fixed_Cost_per_Pallet + Order_Total_Weight_kg * Variable_Cost_per_kg;Total_Transport_Cost * Last-mile_Share;Total_Transport_Cost - Last-mile_Cost;BE Hub ? Local Hub;Local Hub ? Customer
BE-DC1;NL;Retail;200;50,96;0,0686;0,08;0,92;CEILING(Order_Total_Weight_kg / 200);Pallets * Fixed_Cost_per_Pallet + Order_Total_Weight_kg * Variable_Cost_per_kg;Total_Transport_Cost * Last-mile_Share;Total_Transport_Cost - Last-mile_Cost;BE Hub ? Local Hub;Local Hub ? Customer
BE-DC1;NL;Retail Sport;200;49,94;0,0679;0,08;0,92;CEILING(Order_Total_Weight_kg / 200);Pallets * Fixed_Cost_per_Pallet + Order_Total_Weight_kg * Variable_Cost_per_kg;Total_Transport_Cost * Last-mile_Share;Total_Transport_Cost - Last-mile_Cost;BE Hub ? Local Hub;Local Hub ? Customer
BE-DC1;PL;E-commerce;200;85,61;0,0875;0,12;0,88;CEILING(Order_Total_Weight_kg / 200);Pallets * Fixed_Cost_per_Pallet + Order_Total_Weight_kg * Variable_Cost_per_kg;Total_Transport_Cost * Last-mile_Share;Total_Transport_Cost - Last-mile_Cost;BE Hub ? Local Hub;Local Hub ? Customer
BE-DC1;PL;Pharmacy;200;81,03;0,0858;0,1;0,9;CEILING(Order_Total_Weight_kg / 200);Pallets * Fixed_Cost_per_Pallet + Order_Total_Weight_kg * Variable_Cost_per_kg;Total_Transport_Cost * Last-mile_Share;Total_Transport_Cost - Last-mile_Cost;BE Hub ? Local Hub;Local Hub ? Customer
BE-DC1;PL;Retail;200;76,44;0,0833;0,08;0,92;CEILING(Order_Total_Weight_kg / 200);Pallets * Fixed_Cost_per_Pallet + Order_Total_Weight_kg * Variable_Cost_per_kg;Total_Transport_Cost * Last-mile_Share;Total_Transport_Cost - Last-mile_Cost;BE Hub ? Local Hub;Local Hub ? Customer
BE-DC1;PL;Retail Sport;200;74,91;0,0825;0,08;0,92;CEILING(Order_Total_Weight_kg / 200);Pallets * Fixed_Cost_per_Pallet + Order_Total_Weight_kg * Variable_Cost_per_kg;Total_Transport_Cost * Last-mile_Share;Total_Transport_Cost - Last-mile_Cost;BE Hub ? Local Hub;Local Hub ? Customer
BE-DC1;PT;E-commerce;200;118,54;0,1029;0,12;0,88;CEILING(Order_Total_Weight_kg / 200);Pallets * Fixed_Cost_per_Pallet + Order_Total_Weight_kg * Variable_Cost_per_kg;Total_Transport_Cost * Last-mile_Share;Total_Transport_Cost - Last-mile_Cost;BE Hub ? Local Hub;Local Hub ? Customer
BE-DC1;PT;Pharmacy;200;112,19;0,1009;0,1;0,9;CEILING(Order_Total_Weight_kg / 200);Pallets * Fixed_Cost_per_Pallet + Order_Total_Weight_kg * Variable_Cost_per_kg;Total_Transport_Cost * Last-mile_Share;Total_Transport_Cost - Last-mile_Cost;BE Hub ? Local Hub;Local Hub ? Customer
BE-DC1;PT;Retail;200;105,84;0,098;0,08;0,92;CEILING(Order_Total_Weight_kg / 200);Pallets * Fixed_Cost_per_Pallet + Order_Total_Weight_kg * Variable_Cost_per_kg;Total_Transport_Cost * Last-mile_Share;Total_Transport_Cost - Last-mile_Cost;BE Hub ? Local Hub;Local Hub ? Customer
BE-DC1;PT;Retail Sport;200;103,72;0,097;0,08;0,92;CEILING(Order_Total_Weight_kg / 200);Pallets * Fixed_Cost_per_Pallet + Order_Total_Weight_kg * Variable_Cost_per_kg;Total_Transport_Cost * Last-mile_Share;Total_Transport_Cost - Last-mile_Cost;BE Hub ? Local Hub;Local Hub ? Customer
BE-DC1;RO;E-commerce;200;85,61;0,0875;0,12;0,88;CEILING(Order_Total_Weight_kg / 200);Pallets * Fixed_Cost_per_Pallet + Order_Total_Weight_kg * Variable_Cost_per_kg;Total_Transport_Cost * Last-mile_Share;Total_Transport_Cost - Last-mile_Cost;BE Hub ? Local Hub;Local Hub ? Customer
BE-DC1;RO;Pharmacy;200;81,03;0,0858;0,1;0,9;CEILING(Order_Total_Weight_kg / 200);Pallets * Fixed_Cost_per_Pallet + Order_Total_Weight_kg * Variable_Cost_per_kg;Total_Transport_Cost * Last-mile_Share;Total_Transport_Cost - Last-mile_Cost;BE Hub ? Local Hub;Local Hub ? Customer
BE-DC1;RO;Retail;200;76,44;0,0833;0,08;0,92;CEILING(Order_Total_Weight_kg / 200);Pallets * Fixed_Cost_per_Pallet + Order_Total_Weight_kg * Variable_Cost_per_kg;Total_Transport_Cost * Last-mile_Share;Total_Transport_Cost - Last-mile_Cost;BE Hub ? Local Hub;Local Hub ? Customer
BE-DC1;RO;Retail Sport;200;74,91;0,0825;0,08;0,92;CEILING(Order_Total_Weight_kg / 200);Pallets * Fixed_Cost_per_Pallet + Order_Total_Weight_kg * Variable_Cost_per_kg;Total_Transport_Cost * Last-mile_Share;Total_Transport_Cost - Last-mile_Cost;BE Hub ? Local Hub;Local Hub ? Customer
BE-DC1;SE;E-commerce;200;100,98;0,0978;0,12;0,88;CEILING(Order_Total_Weight_kg / 200);Pallets * Fixed_Cost_per_Pallet + Order_Total_Weight_kg * Variable_Cost_per_kg;Total_Transport_Cost * Last-mile_Share;Total_Transport_Cost - Last-mile_Cost;BE Hub ? Local Hub;Local Hub ? Customer
BE-DC1;SE;Pharmacy;200;95,57;0,0959;0,1;0,9;CEILING(Order_Total_Weight_kg / 200);Pallets * Fixed_Cost_per_Pallet + Order_Total_Weight_kg * Variable_Cost_per_kg;Total_Transport_Cost * Last-mile_Share;Total_Transport_Cost - Last-mile_Cost;BE Hub ? Local Hub;Local Hub ? Customer
BE-DC1;SE;Retail;200;90,16;0,0931;0,08;0,92;CEILING(Order_Total_Weight_kg / 200);Pallets * Fixed_Cost_per_Pallet + Order_Total_Weight_kg * Variable_Cost_per_kg;Total_Transport_Cost * Last-mile_Share;Total_Transport_Cost - Last-mile_Cost;BE Hub ? Local Hub;Local Hub ? Customer
BE-DC1;SE;Retail Sport;200;88,36;0,0922;0,08;0,92;CEILING(Order_Total_Weight_kg / 200);Pallets * Fixed_Cost_per_Pallet + Order_Total_Weight_kg * Variable_Cost_per_kg;Total_Transport_Cost * Last-mile_Share;Total_Transport_Cost - Last-mile_Cost;BE Hub ? Local Hub;Local Hub ? Customer
BE-DC1;SI;E-commerce;200;85,61;0,0875;0,12;0,88;CEILING(Order_Total_Weight_kg / 200);Pallets * Fixed_Cost_per_Pallet + Order_Total_Weight_kg * Variable_Cost_per_kg;Total_Transport_Cost * Last-mile_Share;Total_Transport_Cost - Last-mile_Cost;BE Hub ? Local Hub;Local Hub ? Customer
BE-DC1;SI;Pharmacy;200;81,03;0,0858;0,1;0,9;CEILING(Order_Total_Weight_kg / 200);Pallets * Fixed_Cost_per_Pallet + Order_Total_Weight_kg * Variable_Cost_per_kg;Total_Transport_Cost * Last-mile_Share;Total_Transport_Cost - Last-mile_Cost;BE Hub ? Local Hub;Local Hub ? Customer
BE-DC1;SI;Retail;200;76,44;0,0833;0,08;0,92;CEILING(Order_Total_Weight_kg / 200);Pallets * Fixed_Cost_per_Pallet + Order_Total_Weight_kg * Variable_Cost_per_kg;Total_Transport_Cost * Last-mile_Share;Total_Transport_Cost - Last-mile_Cost;BE Hub ? Local Hub;Local Hub ? Customer
BE-DC1;SI;Retail Sport;200;74,91;0,0825;0,08;0,92;CEILING(Order_Total_Weight_kg / 200);Pallets * Fixed_Cost_per_Pallet + Order_Total_Weight_kg * Variable_Cost_per_kg;Total_Transport_Cost * Last-mile_Share;Total_Transport_Cost - Last-mile_Cost;BE Hub ? Local Hub;Local Hub ? Customer
BE-DC1;SK;E-commerce;200;85,61;0,0875;0,12;0,88;CEILING(Order_Total_Weight_kg / 200);Pallets * Fixed_Cost_per_Pallet + Order_Total_Weight_kg * Variable_Cost_per_kg;Total_Transport_Cost * Last-mile_Share;Total_Transport_Cost - Last-mile_Cost;BE Hub ? Local Hub;Local Hub ? Customer
BE-DC1;SK;Pharmacy;200;81,03;0,0858;0,1;0,9;CEILING(Order_Total_Weight_kg / 200);Pallets * Fixed_Cost_per_Pallet + Order_Total_Weight_kg * Variable_Cost_per_kg;Total_Transport_Cost * Last-mile_Share;Total_Transport_Cost - Last-mile_Cost;BE Hub ? Local Hub;Local Hub ? Customer
BE-DC1;SK;Retail;200;76,44;0,0833;0,08;0,92;CEILING(Order_Total_Weight_kg / 200);Pallets * Fixed_Cost_per_Pallet + Order_Total_Weight_kg * Variable_Cost_per_kg;Total_Transport_Cost * Last-mile_Share;Total_Transport_Cost - Last-mile_Cost;BE Hub ? Local Hub;Local Hub ? Customer
BE-DC1;SK;Retail Sport;200;74,91;0,0825;0,08;0,92;CEILING(Order_Total_Weight_kg / 200);Pallets * Fixed_Cost_per_Pallet + Order_Total_Weight_kg * Variable_Cost_per_kg;Total_Transport_Cost * Last-mile_Share;Total_Transport_Cost - Last-mile_Cost;BE Hub ? Local Hub;Local Hub ? Customer
BE-DC2;AT;E-commerce;200;58,24;0,0735;0,12;0,88;CEILING(Order_Total_Weight_kg / 200);Pallets * Fixed_Cost_per_Pallet + Order_Total_Weight_kg * Variable_Cost_per_kg;Total_Transport_Cost * Last-mile_Share;Total_Transport_Cost - Last-mile_Cost;BE Hub ? Local Hub;Local Hub ? Customer
BE-DC2;AT;Pharmacy;200;55,12;0,0721;0,1;0,9;CEILING(Order_Total_Weight_kg / 200);Pallets * Fixed_Cost_per_Pallet + Order_Total_Weight_kg * Variable_Cost_per_kg;Total_Transport_Cost * Last-mile_Share;Total_Transport_Cost - Last-mile_Cost;BE Hub ? Local Hub;Local Hub ? Customer
BE-DC2;AT;Retail;200;52;0,07;0,08;0,92;CEILING(Order_Total_Weight_kg / 200);Pallets * Fixed_Cost_per_Pallet + Order_Total_Weight_kg * Variable_Cost_per_kg;Total_Transport_Cost * Last-mile_Share;Total_Transport_Cost - Last-mile_Cost;BE Hub ? Local Hub;Local Hub ? Customer
BE-DC2;AT;Retail Sport;200;50,96;0,0693;0,08;0,92;CEILING(Order_Total_Weight_kg / 200);Pallets * Fixed_Cost_per_Pallet + Order_Total_Weight_kg * Variable_Cost_per_kg;Total_Transport_Cost * Last-mile_Share;Total_Transport_Cost - Last-mile_Cost;BE Hub ? Local Hub;Local Hub ? Customer
BE-DC2;BE;E-commerce;200;43,68;0,0588;0,12;0,88;CEILING(Order_Total_Weight_kg / 200);Pallets * Fixed_Cost_per_Pallet + Order_Total_Weight_kg * Variable_Cost_per_kg;Total_Transport_Cost * Last-mile_Share;Total_Transport_Cost - Last-mile_Cost;BE Hub ? Local Hub;Local Hub ? Customer
BE-DC2;BE;Pharmacy;200;41,34;0,0577;0,1;0,9;CEILING(Order_Total_Weight_kg / 200);Pallets * Fixed_Cost_per_Pallet + Order_Total_Weight_kg * Variable_Cost_per_kg;Total_Transport_Cost * Last-mile_Share;Total_Transport_Cost - Last-mile_Cost;BE Hub ? Local Hub;Local Hub ? Customer
BE-DC2;BE;Retail;200;39;0,056;0,08;0,92;CEILING(Order_Total_Weight_kg / 200);Pallets * Fixed_Cost_per_Pallet + Order_Total_Weight_kg * Variable_Cost_per_kg;Total_Transport_Cost * Last-mile_Share;Total_Transport_Cost - Last-mile_Cost;BE Hub ? Local Hub;Local Hub ? Customer
BE-DC2;BE;Retail Sport;200;38,22;0,0554;0,08;0,92;CEILING(Order_Total_Weight_kg / 200);Pallets * Fixed_Cost_per_Pallet + Order_Total_Weight_kg * Variable_Cost_per_kg;Total_Transport_Cost * Last-mile_Share;Total_Transport_Cost - Last-mile_Cost;BE Hub ? Local Hub;Local Hub ? Customer
BE-DC2;BG;E-commerce;200;87,36;0,0893;0,12;0,88;CEILING(Order_Total_Weight_kg / 200);Pallets * Fixed_Cost_per_Pallet + Order_Total_Weight_kg * Variable_Cost_per_kg;Total_Transport_Cost * Last-mile_Share;Total_Transport_Cost - Last-mile_Cost;BE Hub ? Local Hub;Local Hub ? Customer
BE-DC2;BG;Pharmacy;200;82,68;0,0876;0,1;0,9;CEILING(Order_Total_Weight_kg / 200);Pallets * Fixed_Cost_per_Pallet + Order_Total_Weight_kg * Variable_Cost_per_kg;Total_Transport_Cost * Last-mile_Share;Total_Transport_Cost - Last-mile_Cost;BE Hub ? Local Hub;Local Hub ? Customer
BE-DC2;BG;Retail;200;78;0,085;0,08;0,92;CEILING(Order_Total_Weight_kg / 200);Pallets * Fixed_Cost_per_Pallet + Order_Total_Weight_kg * Variable_Cost_per_kg;Total_Transport_Cost * Last-mile_Share;Total_Transport_Cost - Last-mile_Cost;BE Hub ? Local Hub;Local Hub ? Customer
BE-DC2;BG;Retail Sport;200;76,44;0,0842;0,08;0,92;CEILING(Order_Total_Weight_kg / 200);Pallets * Fixed_Cost_per_Pallet + Order_Total_Weight_kg * Variable_Cost_per_kg;Total_Transport_Cost * Last-mile_Share;Total_Transport_Cost - Last-mile_Cost;BE Hub ? Local Hub;Local Hub ? Customer
BE-DC2;CY;E-commerce;200;163,3;0,126;0,12;0,88;CEILING(Order_Total_Weight_kg / 200);Pallets * Fixed_Cost_per_Pallet + Order_Total_Weight_kg * Variable_Cost_per_kg;Total_Transport_Cost * Last-mile_Share;Total_Transport_Cost - Last-mile_Cost;BE Hub ? Local Hub;Local Hub ? Customer
BE-DC2;CY;Pharmacy;200;154,55;0,1236;0,1;0,9;CEILING(Order_Total_Weight_kg / 200);Pallets * Fixed_Cost_per_Pallet + Order_Total_Weight_kg * Variable_Cost_per_kg;Total_Transport_Cost * Last-mile_Share;Total_Transport_Cost - Last-mile_Cost;BE Hub ? Local Hub;Local Hub ? Customer
BE-DC2;CY;Retail;200;145,8;0,12;0,08;0,92;CEILING(Order_Total_Weight_kg / 200);Pallets * Fixed_Cost_per_Pallet + Order_Total_Weight_kg * Variable_Cost_per_kg;Total_Transport_Cost * Last-mile_Share;Total_Transport_Cost - Last-mile_Cost;BE Hub ? Local Hub;Local Hub ? Customer
BE-DC2;CY;Retail Sport;200;142,88;0,1188;0,08;0,92;CEILING(Order_Total_Weight_kg / 200);Pallets * Fixed_Cost_per_Pallet + Order_Total_Weight_kg * Variable_Cost_per_kg;Total_Transport_Cost * Last-mile_Share;Total_Transport_Cost - Last-mile_Cost;BE Hub ? Local Hub;Local Hub ? Customer
BE-DC2;CZ;E-commerce;200;87,36;0,0893;0,12;0,88;CEILING(Order_Total_Weight_kg / 200);Pallets * Fixed_Cost_per_Pallet + Order_Total_Weight_kg * Variable_Cost_per_kg;Total_Transport_Cost * Last-mile_Share;Total_Transport_Cost - Last-mile_Cost;BE Hub ? Local Hub;Local Hub ? Customer
BE-DC2;CZ;Pharmacy;200;82,68;0,0876;0,1;0,9;CEILING(Order_Total_Weight_kg / 200);Pallets * Fixed_Cost_per_Pallet + Order_Total_Weight_kg * Variable_Cost_per_kg;Total_Transport_Cost * Last-mile_Share;Total_Transport_Cost - Last-mile_Cost;BE Hub ? Local Hub;Local Hub ? Customer
BE-DC2;CZ;Retail;200;78;0,085;0,08;0,92;CEILING(Order_Total_Weight_kg / 200);Pallets * Fixed_Cost_per_Pallet + Order_Total_Weight_kg * Variable_Cost_per_kg;Total_Transport_Cost * Last-mile_Share;Total_Transport_Cost - Last-mile_Cost;BE Hub ? Local Hub;Local Hub ? Customer
BE-DC2;CZ;Retail Sport;200;76,44;0,0842;0,08;0,92;CEILING(Order_Total_Weight_kg / 200);Pallets * Fixed_Cost_per_Pallet + Order_Total_Weight_kg * Variable_Cost_per_kg;Total_Transport_Cost * Last-mile_Share;Total_Transport_Cost - Last-mile_Cost;BE Hub ? Local Hub;Local Hub ? Customer
BE-DC2;DE;E-commerce;200;58,24;0,0735;0,12;0,88;CEILING(Order_Total_Weight_kg / 200);Pallets * Fixed_Cost_per_Pallet + Order_Total_Weight_kg * Variable_Cost_per_kg;Total_Transport_Cost * Last-mile_Share;Total_Transport_Cost - Last-mile_Cost;BE Hub ? Local Hub;Local Hub ? Customer
BE-DC2;DE;Pharmacy;200;55,12;0,0721;0,1;0,9;CEILING(Order_Total_Weight_kg / 200);Pallets * Fixed_Cost_per_Pallet + Order_Total_Weight_kg * Variable_Cost_per_kg;Total_Transport_Cost * Last-mile_Share;Total_Transport_Cost - Last-mile_Cost;BE Hub ? Local Hub;Local Hub ? Customer
BE-DC2;DE;Retail;200;52;0,07;0,08;0,92;CEILING(Order_Total_Weight_kg / 200);Pallets * Fixed_Cost_per_Pallet + Order_Total_Weight_kg * Variable_Cost_per_kg;Total_Transport_Cost * Last-mile_Share;Total_Transport_Cost - Last-mile_Cost;BE Hub ? Local Hub;Local Hub ? Customer
BE-DC2;DE;Retail Sport;200;50,96;0,0693;0,08;0,92;CEILING(Order_Total_Weight_kg / 200);Pallets * Fixed_Cost_per_Pallet + Order_Total_Weight_kg * Variable_Cost_per_kg;Total_Transport_Cost * Last-mile_Share;Total_Transport_Cost - Last-mile_Cost;BE Hub ? Local Hub;Local Hub ? Customer
BE-DC2;DK;E-commerce;200;103,04;0,0998;0,12;0,88;CEILING(Order_Total_Weight_kg / 200);Pallets * Fixed_Cost_per_Pallet + Order_Total_Weight_kg * Variable_Cost_per_kg;Total_Transport_Cost * Last-mile_Share;Total_Transport_Cost - Last-mile_Cost;BE Hub ? Local Hub;Local Hub ? Customer
BE-DC2;DK;Pharmacy;200;97,52;0,0979;0,1;0,9;CEILING(Order_Total_Weight_kg / 200);Pallets * Fixed_Cost_per_Pallet + Order_Total_Weight_kg * Variable_Cost_per_kg;Total_Transport_Cost * Last-mile_Share;Total_Transport_Cost - Last-mile_Cost;BE Hub ? Local Hub;Local Hub ? Customer
BE-DC2;DK;Retail;200;92;0,095;0,08;0,92;CEILING(Order_Total_Weight_kg / 200);Pallets * Fixed_Cost_per_Pallet + Order_Total_Weight_kg * Variable_Cost_per_kg;Total_Transport_Cost * Last-mile_Share;Total_Transport_Cost - Last-mile_Cost;BE Hub ? Local Hub;Local Hub ? Customer
BE-DC2;DK;Retail Sport;200;90,16;0,094;0,08;0,92;CEILING(Order_Total_Weight_kg / 200);Pallets * Fixed_Cost_per_Pallet + Order_Total_Weight_kg * Variable_Cost_per_kg;Total_Transport_Cost * Last-mile_Share;Total_Transport_Cost - Last-mile_Cost;BE Hub ? Local Hub;Local Hub ? Customer
BE-DC2;EE;E-commerce;200;114,24;0,1103;0,12;0,88;CEILING(Order_Total_Weight_kg / 200);Pallets * Fixed_Cost_per_Pallet + Order_Total_Weight_kg * Variable_Cost_per_kg;Total_Transport_Cost * Last-mile_Share;Total_Transport_Cost - Last-mile_Cost;BE Hub ? Local Hub;Local Hub ? Customer
BE-DC2;EE;Pharmacy;200;108,12;0,1081;0,1;0,9;CEILING(Order_Total_Weight_kg / 200);Pallets * Fixed_Cost_per_Pallet + Order_Total_Weight_kg * Variable_Cost_per_kg;Total_Transport_Cost * Last-mile_Share;Total_Transport_Cost - Last-mile_Cost;BE Hub ? Local Hub;Local Hub ? Customer
BE-DC2;EE;Retail;200;102;0,105;0,08;0,92;CEILING(Order_Total_Weight_kg / 200);Pallets * Fixed_Cost_per_Pallet + Order_Total_Weight_kg * Variable_Cost_per_kg;Total_Transport_Cost * Last-mile_Share;Total_Transport_Cost - Last-mile_Cost;BE Hub ? Local Hub;Local Hub ? Customer
BE-DC2;EE;Retail Sport;200;99,96;0,104;0,08;0,92;CEILING(Order_Total_Weight_kg / 200);Pallets * Fixed_Cost_per_Pallet + Order_Total_Weight_kg * Variable_Cost_per_kg;Total_Transport_Cost * Last-mile_Share;Total_Transport_Cost - Last-mile_Cost;BE Hub ? Local Hub;Local Hub ? Customer
BE-DC2;ES;E-commerce;200;120,96;0,105;0,12;0,88;CEILING(Order_Total_Weight_kg / 200);Pallets * Fixed_Cost_per_Pallet + Order_Total_Weight_kg * Variable_Cost_per_kg;Total_Transport_Cost * Last-mile_Share;Total_Transport_Cost - Last-mile_Cost;BE Hub ? Local Hub;Local Hub ? Customer
BE-DC2;ES;Pharmacy;200;114,48;0,103;0,1;0,9;CEILING(Order_Total_Weight_kg / 200);Pallets * Fixed_Cost_per_Pallet + Order_Total_Weight_kg * Variable_Cost_per_kg;Total_Transport_Cost * Last-mile_Share;Total_Transport_Cost - Last-mile_Cost;BE Hub ? Local Hub;Local Hub ? Customer
BE-DC2;ES;Retail;200;108;0,1;0,08;0,92;CEILING(Order_Total_Weight_kg / 200);Pallets * Fixed_Cost_per_Pallet + Order_Total_Weight_kg * Variable_Cost_per_kg;Total_Transport_Cost * Last-mile_Share;Total_Transport_Cost - Last-mile_Cost;BE Hub ? Local Hub;Local Hub ? Customer
BE-DC2;ES;Retail Sport;200;105,84;0,099;0,08;0,92;CEILING(Order_Total_Weight_kg / 200);Pallets * Fixed_Cost_per_Pallet + Order_Total_Weight_kg * Variable_Cost_per_kg;Total_Transport_Cost * Last-mile_Share;Total_Transport_Cost - Last-mile_Cost;BE Hub ? Local Hub;Local Hub ? Customer
BE-DC2;FI;E-commerce;200;103,04;0,0998;0,12;0,88;CEILING(Order_Total_Weight_kg / 200);Pallets * Fixed_Cost_per_Pallet + Order_Total_Weight_kg * Variable_Cost_per_kg;Total_Transport_Cost * Last-mile_Share;Total_Transport_Cost - Last-mile_Cost;BE Hub ? Local Hub;Local Hub ? Customer
BE-DC2;FI;Pharmacy;200;97,52;0,0979;0,1;0,9;CEILING(Order_Total_Weight_kg / 200);Pallets * Fixed_Cost_per_Pallet + Order_Total_Weight_kg * Variable_Cost_per_kg;Total_Transport_Cost * Last-mile_Share;Total_Transport_Cost - Last-mile_Cost;BE Hub ? Local Hub;Local Hub ? Customer
BE-DC2;FI;Retail;200;92;0,095;0,08;0,92;CEILING(Order_Total_Weight_kg / 200);Pallets * Fixed_Cost_per_Pallet + Order_Total_Weight_kg * Variable_Cost_per_kg;Total_Transport_Cost * Last-mile_Share;Total_Transport_Cost - Last-mile_Cost;BE Hub ? Local Hub;Local Hub ? Customer
BE-DC2;FI;Retail Sport;200;90,16;0,094;0,08;0,92;CEILING(Order_Total_Weight_kg / 200);Pallets * Fixed_Cost_per_Pallet + Order_Total_Weight_kg * Variable_Cost_per_kg;Total_Transport_Cost * Last-mile_Share;Total_Transport_Cost - Last-mile_Cost;BE Hub ? Local Hub;Local Hub ? Customer
BE-DC2;FR;E-commerce;200;58,24;0,0735;0,12;0,88;CEILING(Order_Total_Weight_kg / 200);Pallets * Fixed_Cost_per_Pallet + Order_Total_Weight_kg * Variable_Cost_per_kg;Total_Transport_Cost * Last-mile_Share;Total_Transport_Cost - Last-mile_Cost;BE Hub ? Local Hub;Local Hub ? Customer
BE-DC2;FR;Pharmacy;200;55,12;0,0721;0,1;0,9;CEILING(Order_Total_Weight_kg / 200);Pallets * Fixed_Cost_per_Pallet + Order_Total_Weight_kg * Variable_Cost_per_kg;Total_Transport_Cost * Last-mile_Share;Total_Transport_Cost - Last-mile_Cost;BE Hub ? Local Hub;Local Hub ? Customer
BE-DC2;FR;Retail;200;52;0,07;0,08;0,92;CEILING(Order_Total_Weight_kg / 200);Pallets * Fixed_Cost_per_Pallet + Order_Total_Weight_kg * Variable_Cost_per_kg;Total_Transport_Cost * Last-mile_Share;Total_Transport_Cost - Last-mile_Cost;BE Hub ? Local Hub;Local Hub ? Customer
BE-DC2;FR;Retail Sport;200;50,96;0,0693;0,08;0,92;CEILING(Order_Total_Weight_kg / 200);Pallets * Fixed_Cost_per_Pallet + Order_Total_Weight_kg * Variable_Cost_per_kg;Total_Transport_Cost * Last-mile_Share;Total_Transport_Cost - Last-mile_Cost;BE Hub ? Local Hub;Local Hub ? Customer
BE-DC2;GR;E-commerce;200;120,96;0,105;0,12;0,88;CEILING(Order_Total_Weight_kg / 200);Pallets * Fixed_Cost_per_Pallet + Order_Total_Weight_kg * Variable_Cost_per_kg;Total_Transport_Cost * Last-mile_Share;Total_Transport_Cost - Last-mile_Cost;BE Hub ? Local Hub;Local Hub ? Customer
BE-DC2;GR;Pharmacy;200;114,48;0,103;0,1;0,9;CEILING(Order_Total_Weight_kg / 200);Pallets * Fixed_Cost_per_Pallet + Order_Total_Weight_kg * Variable_Cost_per_kg;Total_Transport_Cost * Last-mile_Share;Total_Transport_Cost - Last-mile_Cost;BE Hub ? Local Hub;Local Hub ? Customer
BE-DC2;GR;Retail;200;108;0,1;0,08;0,92;CEILING(Order_Total_Weight_kg / 200);Pallets * Fixed_Cost_per_Pallet + Order_Total_Weight_kg * Variable_Cost_per_kg;Total_Transport_Cost * Last-mile_Share;Total_Transport_Cost - Last-mile_Cost;BE Hub ? Local Hub;Local Hub ? Customer
BE-DC2;GR;Retail Sport;200;105,84;0,099;0,08;0,92;CEILING(Order_Total_Weight_kg / 200);Pallets * Fixed_Cost_per_Pallet + Order_Total_Weight_kg * Variable_Cost_per_kg;Total_Transport_Cost * Last-mile_Share;Total_Transport_Cost - Last-mile_Cost;BE Hub ? Local Hub;Local Hub ? Customer
BE-DC2;HR;E-commerce;200;87,36;0,0893;0,12;0,88;CEILING(Order_Total_Weight_kg / 200);Pallets * Fixed_Cost_per_Pallet + Order_Total_Weight_kg * Variable_Cost_per_kg;Total_Transport_Cost * Last-mile_Share;Total_Transport_Cost - Last-mile_Cost;BE Hub ? Local Hub;Local Hub ? Customer
BE-DC2;HR;Pharmacy;200;82,68;0,0876;0,1;0,9;CEILING(Order_Total_Weight_kg / 200);Pallets * Fixed_Cost_per_Pallet + Order_Total_Weight_kg * Variable_Cost_per_kg;Total_Transport_Cost * Last-mile_Share;Total_Transport_Cost - Last-mile_Cost;BE Hub ? Local Hub;Local Hub ? Customer
BE-DC2;HR;Retail;200;78;0,085;0,08;0,92;CEILING(Order_Total_Weight_kg / 200);Pallets * Fixed_Cost_per_Pallet + Order_Total_Weight_kg * Variable_Cost_per_kg;Total_Transport_Cost * Last-mile_Share;Total_Transport_Cost - Last-mile_Cost;BE Hub ? Local Hub;Local Hub ? Customer
BE-DC2;HR;Retail Sport;200;76,44;0,0842;0,08;0,92;CEILING(Order_Total_Weight_kg / 200);Pallets * Fixed_Cost_per_Pallet + Order_Total_Weight_kg * Variable_Cost_per_kg;Total_Transport_Cost * Last-mile_Share;Total_Transport_Cost - Last-mile_Cost;BE Hub ? Local Hub;Local Hub ? Customer
BE-DC2;HU;E-commerce;200;87,36;0,0893;0,12;0,88;CEILING(Order_Total_Weight_kg / 200);Pallets * Fixed_Cost_per_Pallet + Order_Total_Weight_kg * Variable_Cost_per_kg;Total_Transport_Cost * Last-mile_Share;Total_Transport_Cost - Last-mile_Cost;BE Hub ? Local Hub;Local Hub ? Customer
BE-DC2;HU;Pharmacy;200;82,68;0,0876;0,1;0,9;CEILING(Order_Total_Weight_kg / 200);Pallets * Fixed_Cost_per_Pallet + Order_Total_Weight_kg * Variable_Cost_per_kg;Total_Transport_Cost * Last-mile_Share;Total_Transport_Cost - Last-mile_Cost;BE Hub ? Local Hub;Local Hub ? Customer
BE-DC2;HU;Retail;200;78;0,085;0,08;0,92;CEILING(Order_Total_Weight_kg / 200);Pallets * Fixed_Cost_per_Pallet + Order_Total_Weight_kg * Variable_Cost_per_kg;Total_Transport_Cost * Last-mile_Share;Total_Transport_Cost - Last-mile_Cost;BE Hub ? Local Hub;Local Hub ? Customer
BE-DC2;HU;Retail Sport;200;76,44;0,0842;0,08;0,92;CEILING(Order_Total_Weight_kg / 200);Pallets * Fixed_Cost_per_Pallet + Order_Total_Weight_kg * Variable_Cost_per_kg;Total_Transport_Cost * Last-mile_Share;Total_Transport_Cost - Last-mile_Cost;BE Hub ? Local Hub;Local Hub ? Customer
BE-DC2;IE;E-commerce;200;58,24;0,0735;0,12;0,88;CEILING(Order_Total_Weight_kg / 200);Pallets * Fixed_Cost_per_Pallet + Order_Total_Weight_kg * Variable_Cost_per_kg;Total_Transport_Cost * Last-mile_Share;Total_Transport_Cost - Last-mile_Cost;BE Hub ? Local Hub;Local Hub ? Customer
BE-DC2;IE;Pharmacy;200;55,12;0,0721;0,1;0,9;CEILING(Order_Total_Weight_kg / 200);Pallets * Fixed_Cost_per_Pallet + Order_Total_Weight_kg * Variable_Cost_per_kg;Total_Transport_Cost * Last-mile_Share;Total_Transport_Cost - Last-mile_Cost;BE Hub ? Local Hub;Local Hub ? Customer
BE-DC2;IE;Retail;200;52;0,07;0,08;0,92;CEILING(Order_Total_Weight_kg / 200);Pallets * Fixed_Cost_per_Pallet + Order_Total_Weight_kg * Variable_Cost_per_kg;Total_Transport_Cost * Last-mile_Share;Total_Transport_Cost - Last-mile_Cost;BE Hub ? Local Hub;Local Hub ? Customer
BE-DC2;IE;Retail Sport;200;50,96;0,0693;0,08;0,92;CEILING(Order_Total_Weight_kg / 200);Pallets * Fixed_Cost_per_Pallet + Order_Total_Weight_kg * Variable_Cost_per_kg;Total_Transport_Cost * Last-mile_Share;Total_Transport_Cost - Last-mile_Cost;BE Hub ? Local Hub;Local Hub ? Customer
BE-DC2;IT;E-commerce;200;120,96;0,105;0,12;0,88;CEILING(Order_Total_Weight_kg / 200);Pallets * Fixed_Cost_per_Pallet + Order_Total_Weight_kg * Variable_Cost_per_kg;Total_Transport_Cost * Last-mile_Share;Total_Transport_Cost - Last-mile_Cost;BE Hub ? Local Hub;Local Hub ? Customer
BE-DC2;IT;Pharmacy;200;114,48;0,103;0,1;0,9;CEILING(Order_Total_Weight_kg / 200);Pallets * Fixed_Cost_per_Pallet + Order_Total_Weight_kg * Variable_Cost_per_kg;Total_Transport_Cost * Last-mile_Share;Total_Transport_Cost - Last-mile_Cost;BE Hub ? Local Hub;Local Hub ? Customer
BE-DC2;IT;Retail;200;108;0,1;0,08;0,92;CEILING(Order_Total_Weight_kg / 200);Pallets * Fixed_Cost_per_Pallet + Order_Total_Weight_kg * Variable_Cost_per_kg;Total_Transport_Cost * Last-mile_Share;Total_Transport_Cost - Last-mile_Cost;BE Hub ? Local Hub;Local Hub ? Customer
BE-DC2;IT;Retail Sport;200;105,84;0,099;0,08;0,92;CEILING(Order_Total_Weight_kg / 200);Pallets * Fixed_Cost_per_Pallet + Order_Total_Weight_kg * Variable_Cost_per_kg;Total_Transport_Cost * Last-mile_Share;Total_Transport_Cost - Last-mile_Cost;BE Hub ? Local Hub;Local Hub ? Customer
BE-DC2;LT;E-commerce;200;114,24;0,1103;0,12;0,88;CEILING(Order_Total_Weight_kg / 200);Pallets * Fixed_Cost_per_Pallet + Order_Total_Weight_kg * Variable_Cost_per_kg;Total_Transport_Cost * Last-mile_Share;Total_Transport_Cost - Last-mile_Cost;BE Hub ? Local Hub;Local Hub ? Customer
BE-DC2;LT;Pharmacy;200;108,12;0,1081;0,1;0,9;CEILING(Order_Total_Weight_kg / 200);Pallets * Fixed_Cost_per_Pallet + Order_Total_Weight_kg * Variable_Cost_per_kg;Total_Transport_Cost * Last-mile_Share;Total_Transport_Cost - Last-mile_Cost;BE Hub ? Local Hub;Local Hub ? Customer
BE-DC2;LT;Retail;200;102;0,105;0,08;0,92;CEILING(Order_Total_Weight_kg / 200);Pallets * Fixed_Cost_per_Pallet + Order_Total_Weight_kg * Variable_Cost_per_kg;Total_Transport_Cost * Last-mile_Share;Total_Transport_Cost - Last-mile_Cost;BE Hub ? Local Hub;Local Hub ? Customer
BE-DC2;LT;Retail Sport;200;99,96;0,104;0,08;0,92;CEILING(Order_Total_Weight_kg / 200);Pallets * Fixed_Cost_per_Pallet + Order_Total_Weight_kg * Variable_Cost_per_kg;Total_Transport_Cost * Last-mile_Share;Total_Transport_Cost - Last-mile_Cost;BE Hub ? Local Hub;Local Hub ? Customer
BE-DC2;LU;E-commerce;200;58,24;0,0735;0,12;0,88;CEILING(Order_Total_Weight_kg / 200);Pallets * Fixed_Cost_per_Pallet + Order_Total_Weight_kg * Variable_Cost_per_kg;Total_Transport_Cost * Last-mile_Share;Total_Transport_Cost - Last-mile_Cost;BE Hub ? Local Hub;Local Hub ? Customer
BE-DC2;LU;Pharmacy;200;55,12;0,0721;0,1;0,9;CEILING(Order_Total_Weight_kg / 200);Pallets * Fixed_Cost_per_Pallet + Order_Total_Weight_kg * Variable_Cost_per_kg;Total_Transport_Cost * Last-mile_Share;Total_Transport_Cost - Last-mile_Cost;BE Hub ? Local Hub;Local Hub ? Customer
BE-DC2;LU;Retail;200;52;0,07;0,08;0,92;CEILING(Order_Total_Weight_kg / 200);Pallets * Fixed_Cost_per_Pallet + Order_Total_Weight_kg * Variable_Cost_per_kg;Total_Transport_Cost * Last-mile_Share;Total_Transport_Cost - Last-mile_Cost;BE Hub ? Local Hub;Local Hub ? Customer
BE-DC2;LU;Retail Sport;200;50,96;0,0693;0,08;0,92;CEILING(Order_Total_Weight_kg / 200);Pallets * Fixed_Cost_per_Pallet + Order_Total_Weight_kg * Variable_Cost_per_kg;Total_Transport_Cost * Last-mile_Share;Total_Transport_Cost - Last-mile_Cost;BE Hub ? Local Hub;Local Hub ? Customer
BE-DC2;LV;E-commerce;200;114,24;0,1103;0,12;0,88;CEILING(Order_Total_Weight_kg / 200);Pallets * Fixed_Cost_per_Pallet + Order_Total_Weight_kg * Variable_Cost_per_kg;Total_Transport_Cost * Last-mile_Share;Total_Transport_Cost - Last-mile_Cost;BE Hub ? Local Hub;Local Hub ? Customer
BE-DC2;LV;Pharmacy;200;108,12;0,1081;0,1;0,9;CEILING(Order_Total_Weight_kg / 200);Pallets * Fixed_Cost_per_Pallet + Order_Total_Weight_kg * Variable_Cost_per_kg;Total_Transport_Cost * Last-mile_Share;Total_Transport_Cost - Last-mile_Cost;BE Hub ? Local Hub;Local Hub ? Customer
BE-DC2;LV;Retail;200;102;0,105;0,08;0,92;CEILING(Order_Total_Weight_kg / 200);Pallets * Fixed_Cost_per_Pallet + Order_Total_Weight_kg * Variable_Cost_per_kg;Total_Transport_Cost * Last-mile_Share;Total_Transport_Cost - Last-mile_Cost;BE Hub ? Local Hub;Local Hub ? Customer
BE-DC2;LV;Retail Sport;200;99,96;0,104;0,08;0,92;CEILING(Order_Total_Weight_kg / 200);Pallets * Fixed_Cost_per_Pallet + Order_Total_Weight_kg * Variable_Cost_per_kg;Total_Transport_Cost * Last-mile_Share;Total_Transport_Cost - Last-mile_Cost;BE Hub ? Local Hub;Local Hub ? Customer
BE-DC2;MT;E-commerce;200;163,3;0,126;0,12;0,88;CEILING(Order_Total_Weight_kg / 200);Pallets * Fixed_Cost_per_Pallet + Order_Total_Weight_kg * Variable_Cost_per_kg;Total_Transport_Cost * Last-mile_Share;Total_Transport_Cost - Last-mile_Cost;BE Hub ? Local Hub;Local Hub ? Customer
BE-DC2;MT;Pharmacy;200;154,55;0,1236;0,1;0,9;CEILING(Order_Total_Weight_kg / 200);Pallets * Fixed_Cost_per_Pallet + Order_Total_Weight_kg * Variable_Cost_per_kg;Total_Transport_Cost * Last-mile_Share;Total_Transport_Cost - Last-mile_Cost;BE Hub ? Local Hub;Local Hub ? Customer
BE-DC2;MT;Retail;200;145,8;0,12;0,08;0,92;CEILING(Order_Total_Weight_kg / 200);Pallets * Fixed_Cost_per_Pallet + Order_Total_Weight_kg * Variable_Cost_per_kg;Total_Transport_Cost * Last-mile_Share;Total_Transport_Cost - Last-mile_Cost;BE Hub ? Local Hub;Local Hub ? Customer
BE-DC2;MT;Retail Sport;200;142,88;0,1188;0,08;0,92;CEILING(Order_Total_Weight_kg / 200);Pallets * Fixed_Cost_per_Pallet + Order_Total_Weight_kg * Variable_Cost_per_kg;Total_Transport_Cost * Last-mile_Share;Total_Transport_Cost - Last-mile_Cost;BE Hub ? Local Hub;Local Hub ? Customer
BE-DC2;NL;E-commerce;200;58,24;0,0735;0,12;0,88;CEILING(Order_Total_Weight_kg / 200);Pallets * Fixed_Cost_per_Pallet + Order_Total_Weight_kg * Variable_Cost_per_kg;Total_Transport_Cost * Last-mile_Share;Total_Transport_Cost - Last-mile_Cost;BE Hub ? Local Hub;Local Hub ? Customer
BE-DC2;NL;Pharmacy;200;55,12;0,0721;0,1;0,9;CEILING(Order_Total_Weight_kg / 200);Pallets * Fixed_Cost_per_Pallet + Order_Total_Weight_kg * Variable_Cost_per_kg;Total_Transport_Cost * Last-mile_Share;Total_Transport_Cost - Last-mile_Cost;BE Hub ? Local Hub;Local Hub ? Customer
BE-DC2;NL;Retail;200;52;0,07;0,08;0,92;CEILING(Order_Total_Weight_kg / 200);Pallets * Fixed_Cost_per_Pallet + Order_Total_Weight_kg * Variable_Cost_per_kg;Total_Transport_Cost * Last-mile_Share;Total_Transport_Cost - Last-mile_Cost;BE Hub ? Local Hub;Local Hub ? Customer
BE-DC2;NL;Retail Sport;200;50,96;0,0693;0,08;0,92;CEILING(Order_Total_Weight_kg / 200);Pallets * Fixed_Cost_per_Pallet + Order_Total_Weight_kg * Variable_Cost_per_kg;Total_Transport_Cost * Last-mile_Share;Total_Transport_Cost - Last-mile_Cost;BE Hub ? Local Hub;Local Hub ? Customer
BE-DC2;PL;E-commerce;200;87,36;0,0893;0,12;0,88;CEILING(Order_Total_Weight_kg / 200);Pallets * Fixed_Cost_per_Pallet + Order_Total_Weight_kg * Variable_Cost_per_kg;Total_Transport_Cost * Last-mile_Share;Total_Transport_Cost - Last-mile_Cost;BE Hub ? Local Hub;Local Hub ? Customer
BE-DC2;PL;Pharmacy;200;82,68;0,0876;0,1;0,9;CEILING(Order_Total_Weight_kg / 200);Pallets * Fixed_Cost_per_Pallet + Order_Total_Weight_kg * Variable_Cost_per_kg;Total_Transport_Cost * Last-mile_Share;Total_Transport_Cost - Last-mile_Cost;BE Hub ? Local Hub;Local Hub ? Customer
BE-DC2;PL;Retail;200;78;0,085;0,08;0,92;CEILING(Order_Total_Weight_kg / 200);Pallets * Fixed_Cost_per_Pallet + Order_Total_Weight_kg * Variable_Cost_per_kg;Total_Transport_Cost * Last-mile_Share;Total_Transport_Cost - Last-mile_Cost;BE Hub ? Local Hub;Local Hub ? Customer
BE-DC2;PL;Retail Sport;200;76,44;0,0842;0,08;0,92;CEILING(Order_Total_Weight_kg / 200);Pallets * Fixed_Cost_per_Pallet + Order_Total_Weight_kg * Variable_Cost_per_kg;Total_Transport_Cost * Last-mile_Share;Total_Transport_Cost - Last-mile_Cost;BE Hub ? Local Hub;Local Hub ? Customer
BE-DC2;PT;E-commerce;200;120,96;0,105;0,12;0,88;CEILING(Order_Total_Weight_kg / 200);Pallets * Fixed_Cost_per_Pallet + Order_Total_Weight_kg * Variable_Cost_per_kg;Total_Transport_Cost * Last-mile_Share;Total_Transport_Cost - Last-mile_Cost;BE Hub ? Local Hub;Local Hub ? Customer
BE-DC2;PT;Pharmacy;200;114,48;0,103;0,1;0,9;CEILING(Order_Total_Weight_kg / 200);Pallets * Fixed_Cost_per_Pallet + Order_Total_Weight_kg * Variable_Cost_per_kg;Total_Transport_Cost * Last-mile_Share;Total_Transport_Cost - Last-mile_Cost;BE Hub ? Local Hub;Local Hub ? Customer
BE-DC2;PT;Retail;200;108;0,1;0,08;0,92;CEILING(Order_Total_Weight_kg / 200);Pallets * Fixed_Cost_per_Pallet + Order_Total_Weight_kg * Variable_Cost_per_kg;Total_Transport_Cost * Last-mile_Share;Total_Transport_Cost - Last-mile_Cost;BE Hub ? Local Hub;Local Hub ? Customer
BE-DC2;PT;Retail Sport;200;105,84;0,099;0,08;0,92;CEILING(Order_Total_Weight_kg / 200);Pallets * Fixed_Cost_per_Pallet + Order_Total_Weight_kg * Variable_Cost_per_kg;Total_Transport_Cost * Last-mile_Share;Total_Transport_Cost - Last-mile_Cost;BE Hub ? Local Hub;Local Hub ? Customer
BE-DC2;RO;E-commerce;200;87,36;0,0893;0,12;0,88;CEILING(Order_Total_Weight_kg / 200);Pallets * Fixed_Cost_per_Pallet + Order_Total_Weight_kg * Variable_Cost_per_kg;Total_Transport_Cost * Last-mile_Share;Total_Transport_Cost - Last-mile_Cost;BE Hub ? Local Hub;Local Hub ? Customer
BE-DC2;RO;Pharmacy;200;82,68;0,0876;0,1;0,9;CEILING(Order_Total_Weight_kg / 200);Pallets * Fixed_Cost_per_Pallet + Order_Total_Weight_kg * Variable_Cost_per_kg;Total_Transport_Cost * Last-mile_Share;Total_Transport_Cost - Last-mile_Cost;BE Hub ? Local Hub;Local Hub ? Customer
BE-DC2;RO;Retail;200;78;0,085;0,08;0,92;CEILING(Order_Total_Weight_kg / 200);Pallets * Fixed_Cost_per_Pallet + Order_Total_Weight_kg * Variable_Cost_per_kg;Total_Transport_Cost * Last-mile_Share;Total_Transport_Cost - Last-mile_Cost;BE Hub ? Local Hub;Local Hub ? Customer
BE-DC2;RO;Retail Sport;200;76,44;0,0842;0,08;0,92;CEILING(Order_Total_Weight_kg / 200);Pallets * Fixed_Cost_per_Pallet + Order_Total_Weight_kg * Variable_Cost_per_kg;Total_Transport_Cost * Last-mile_Share;Total_Transport_Cost - Last-mile_Cost;BE Hub ? Local Hub;Local Hub ? Customer
BE-DC2;SE;E-commerce;200;103,04;0,0998;0,12;0,88;CEILING(Order_Total_Weight_kg / 200);Pallets * Fixed_Cost_per_Pallet + Order_Total_Weight_kg * Variable_Cost_per_kg;Total_Transport_Cost * Last-mile_Share;Total_Transport_Cost - Last-mile_Cost;BE Hub ? Local Hub;Local Hub ? Customer
BE-DC2;SE;Pharmacy;200;97,52;0,0979;0,1;0,9;CEILING(Order_Total_Weight_kg / 200);Pallets * Fixed_Cost_per_Pallet + Order_Total_Weight_kg * Variable_Cost_per_kg;Total_Transport_Cost * Last-mile_Share;Total_Transport_Cost - Last-mile_Cost;BE Hub ? Local Hub;Local Hub ? Customer
BE-DC2;SE;Retail;200;92;0,095;0,08;0,92;CEILING(Order_Total_Weight_kg / 200);Pallets * Fixed_Cost_per_Pallet + Order_Total_Weight_kg * Variable_Cost_per_kg;Total_Transport_Cost * Last-mile_Share;Total_Transport_Cost - Last-mile_Cost;BE Hub ? Local Hub;Local Hub ? Customer
BE-DC2;SE;Retail Sport;200;90,16;0,094;0,08;0,92;CEILING(Order_Total_Weight_kg / 200);Pallets * Fixed_Cost_per_Pallet + Order_Total_Weight_kg * Variable_Cost_per_kg;Total_Transport_Cost * Last-mile_Share;Total_Transport_Cost - Last-mile_Cost;BE Hub ? Local Hub;Local Hub ? Customer
BE-DC2;SI;E-commerce;200;87,36;0,0893;0,12;0,88;CEILING(Order_Total_Weight_kg / 200);Pallets * Fixed_Cost_per_Pallet + Order_Total_Weight_kg * Variable_Cost_per_kg;Total_Transport_Cost * Last-mile_Share;Total_Transport_Cost - Last-mile_Cost;BE Hub ? Local Hub;Local Hub ? Customer
BE-DC2;SI;Pharmacy;200;82,68;0,0876;0,1;0,9;CEILING(Order_Total_Weight_kg / 200);Pallets * Fixed_Cost_per_Pallet + Order_Total_Weight_kg * Variable_Cost_per_kg;Total_Transport_Cost * Last-mile_Share;Total_Transport_Cost - Last-mile_Cost;BE Hub ? Local Hub;Local Hub ? Customer
BE-DC2;SI;Retail;200;78;0,085;0,08;0,92;CEILING(Order_Total_Weight_kg / 200);Pallets * Fixed_Cost_per_Pallet + Order_Total_Weight_kg * Variable_Cost_per_kg;Total_Transport_Cost * Last-mile_Share;Total_Transport_Cost - Last-mile_Cost;BE Hub ? Local Hub;Local Hub ? Customer
BE-DC2;SI;Retail Sport;200;76,44;0,0842;0,08;0,92;CEILING(Order_Total_Weight_kg / 200);Pallets * Fixed_Cost_per_Pallet + Order_Total_Weight_kg * Variable_Cost_per_kg;Total_Transport_Cost * Last-mile_Share;Total_Transport_Cost - Last-mile_Cost;BE Hub ? Local Hub;Local Hub ? Customer
BE-DC2;SK;E-commerce;200;87,36;0,0893;0,12;0,88;CEILING(Order_Total_Weight_kg / 200);Pallets * Fixed_Cost_per_Pallet + Order_Total_Weight_kg * Variable_Cost_per_kg;Total_Transport_Cost * Last-mile_Share;Total_Transport_Cost - Last-mile_Cost;BE Hub ? Local Hub;Local Hub ? Customer
BE-DC2;SK;Pharmacy;200;82,68;0,0876;0,1;0,9;CEILING(Order_Total_Weight_kg / 200);Pallets * Fixed_Cost_per_Pallet + Order_Total_Weight_kg * Variable_Cost_per_kg;Total_Transport_Cost * Last-mile_Share;Total_Transport_Cost - Last-mile_Cost;BE Hub ? Local Hub;Local Hub ? Customer
BE-DC2;SK;Retail;200;78;0,085;0,08;0,92;CEILING(Order_Total_Weight_kg / 200);Pallets * Fixed_Cost_per_Pallet + Order_Total_Weight_kg * Variable_Cost_per_kg;Total_Transport_Cost * Last-mile_Share;Total_Transport_Cost - Last-mile_Cost;BE Hub ? Local Hub;Local Hub ? Customer
BE-DC2;SK;Retail Sport;200;76,44;0,0842;0,08;0,92;CEILING(Order_Total_Weight_kg / 200);Pallets * Fixed_Cost_per_Pallet + Order_Total_Weight_kg * Variable_Cost_per_kg;Total_Transport_Cost * Last-mile_Share;Total_Transport_Cost - Last-mile_Cost;BE Hub ? Local Hub;Local Hub ? Customer
BE-DC3;AT;E-commerce;200;59,4;0,075;0,12;0,88;CEILING(Order_Total_Weight_kg / 200);Pallets * Fixed_Cost_per_Pallet + Order_Total_Weight_kg * Variable_Cost_per_kg;Total_Transport_Cost * Last-mile_Share;Total_Transport_Cost - Last-mile_Cost;BE Hub ? Local Hub;Local Hub ? Customer
BE-DC3;AT;Pharmacy;200;56,22;0,0735;0,1;0,9;CEILING(Order_Total_Weight_kg / 200);Pallets * Fixed_Cost_per_Pallet + Order_Total_Weight_kg * Variable_Cost_per_kg;Total_Transport_Cost * Last-mile_Share;Total_Transport_Cost - Last-mile_Cost;BE Hub ? Local Hub;Local Hub ? Customer
BE-DC3;AT;Retail;200;53,04;0,0714;0,08;0,92;CEILING(Order_Total_Weight_kg / 200);Pallets * Fixed_Cost_per_Pallet + Order_Total_Weight_kg * Variable_Cost_per_kg;Total_Transport_Cost * Last-mile_Share;Total_Transport_Cost - Last-mile_Cost;BE Hub ? Local Hub;Local Hub ? Customer
BE-DC3;AT;Retail Sport;200;51,98;0,0707;0,08;0,92;CEILING(Order_Total_Weight_kg / 200);Pallets * Fixed_Cost_per_Pallet + Order_Total_Weight_kg * Variable_Cost_per_kg;Total_Transport_Cost * Last-mile_Share;Total_Transport_Cost - Last-mile_Cost;BE Hub ? Local Hub;Local Hub ? Customer
BE-DC3;BE;E-commerce;200;44,55;0,06;0,12;0,88;CEILING(Order_Total_Weight_kg / 200);Pallets * Fixed_Cost_per_Pallet + Order_Total_Weight_kg * Variable_Cost_per_kg;Total_Transport_Cost * Last-mile_Share;Total_Transport_Cost - Last-mile_Cost;BE Hub ? Local Hub;Local Hub ? Customer
BE-DC3;BE;Pharmacy;200;42,17;0,0588;0,1;0,9;CEILING(Order_Total_Weight_kg / 200);Pallets * Fixed_Cost_per_Pallet + Order_Total_Weight_kg * Variable_Cost_per_kg;Total_Transport_Cost * Last-mile_Share;Total_Transport_Cost - Last-mile_Cost;BE Hub ? Local Hub;Local Hub ? Customer
BE-DC3;BE;Retail;200;39,78;0,0571;0,08;0,92;CEILING(Order_Total_Weight_kg / 200);Pallets * Fixed_Cost_per_Pallet + Order_Total_Weight_kg * Variable_Cost_per_kg;Total_Transport_Cost * Last-mile_Share;Total_Transport_Cost - Last-mile_Cost;BE Hub ? Local Hub;Local Hub ? Customer
BE-DC3;BE;Retail Sport;200;38,98;0,0565;0,08;0,92;CEILING(Order_Total_Weight_kg / 200);Pallets * Fixed_Cost_per_Pallet + Order_Total_Weight_kg * Variable_Cost_per_kg;Total_Transport_Cost * Last-mile_Share;Total_Transport_Cost - Last-mile_Cost;BE Hub ? Local Hub;Local Hub ? Customer
BE-DC3;BG;E-commerce;200;89,11;0,091;0,12;0,88;CEILING(Order_Total_Weight_kg / 200);Pallets * Fixed_Cost_per_Pallet + Order_Total_Weight_kg * Variable_Cost_per_kg;Total_Transport_Cost * Last-mile_Share;Total_Transport_Cost - Last-mile_Cost;BE Hub ? Local Hub;Local Hub ? Customer
BE-DC3;BG;Pharmacy;200;84,33;0,0893;0,1;0,9;CEILING(Order_Total_Weight_kg / 200);Pallets * Fixed_Cost_per_Pallet + Order_Total_Weight_kg * Variable_Cost_per_kg;Total_Transport_Cost * Last-mile_Share;Total_Transport_Cost - Last-mile_Cost;BE Hub ? Local Hub;Local Hub ? Customer
BE-DC3;BG;Retail;200;79,56;0,0867;0,08;0,92;CEILING(Order_Total_Weight_kg / 200);Pallets * Fixed_Cost_per_Pallet + Order_Total_Weight_kg * Variable_Cost_per_kg;Total_Transport_Cost * Last-mile_Share;Total_Transport_Cost - Last-mile_Cost;BE Hub ? Local Hub;Local Hub ? Customer
BE-DC3;BG;Retail Sport;200;77,97;0,0858;0,08;0,92;CEILING(Order_Total_Weight_kg / 200);Pallets * Fixed_Cost_per_Pallet + Order_Total_Weight_kg * Variable_Cost_per_kg;Total_Transport_Cost * Last-mile_Share;Total_Transport_Cost - Last-mile_Cost;BE Hub ? Local Hub;Local Hub ? Customer
BE-DC3;CY;E-commerce;200;166,56;0,1285;0,12;0,88;CEILING(Order_Total_Weight_kg / 200);Pallets * Fixed_Cost_per_Pallet + Order_Total_Weight_kg * Variable_Cost_per_kg;Total_Transport_Cost * Last-mile_Share;Total_Transport_Cost - Last-mile_Cost;BE Hub ? Local Hub;Local Hub ? Customer
BE-DC3;CY;Pharmacy;200;157,64;0,1261;0,1;0,9;CEILING(Order_Total_Weight_kg / 200);Pallets * Fixed_Cost_per_Pallet + Order_Total_Weight_kg * Variable_Cost_per_kg;Total_Transport_Cost * Last-mile_Share;Total_Transport_Cost - Last-mile_Cost;BE Hub ? Local Hub;Local Hub ? Customer
BE-DC3;CY;Retail;200;148,72;0,1224;0,08;0,92;CEILING(Order_Total_Weight_kg / 200);Pallets * Fixed_Cost_per_Pallet + Order_Total_Weight_kg * Variable_Cost_per_kg;Total_Transport_Cost * Last-mile_Share;Total_Transport_Cost - Last-mile_Cost;BE Hub ? Local Hub;Local Hub ? Customer
BE-DC3;CY;Retail Sport;200;145,74;0,1212;0,08;0,92;CEILING(Order_Total_Weight_kg / 200);Pallets * Fixed_Cost_per_Pallet + Order_Total_Weight_kg * Variable_Cost_per_kg;Total_Transport_Cost * Last-mile_Share;Total_Transport_Cost - Last-mile_Cost;BE Hub ? Local Hub;Local Hub ? Customer
BE-DC3;CZ;E-commerce;200;89,11;0,091;0,12;0,88;CEILING(Order_Total_Weight_kg / 200);Pallets * Fixed_Cost_per_Pallet + Order_Total_Weight_kg * Variable_Cost_per_kg;Total_Transport_Cost * Last-mile_Share;Total_Transport_Cost - Last-mile_Cost;BE Hub ? Local Hub;Local Hub ? Customer
BE-DC3;CZ;Pharmacy;200;84,33;0,0893;0,1;0,9;CEILING(Order_Total_Weight_kg / 200);Pallets * Fixed_Cost_per_Pallet + Order_Total_Weight_kg * Variable_Cost_per_kg;Total_Transport_Cost * Last-mile_Share;Total_Transport_Cost - Last-mile_Cost;BE Hub ? Local Hub;Local Hub ? Customer
BE-DC3;CZ;Retail;200;79,56;0,0867;0,08;0,92;CEILING(Order_Total_Weight_kg / 200);Pallets * Fixed_Cost_per_Pallet + Order_Total_Weight_kg * Variable_Cost_per_kg;Total_Transport_Cost * Last-mile_Share;Total_Transport_Cost - Last-mile_Cost;BE Hub ? Local Hub;Local Hub ? Customer
BE-DC3;CZ;Retail Sport;200;77,97;0,0858;0,08;0,92;CEILING(Order_Total_Weight_kg / 200);Pallets * Fixed_Cost_per_Pallet + Order_Total_Weight_kg * Variable_Cost_per_kg;Total_Transport_Cost * Last-mile_Share;Total_Transport_Cost - Last-mile_Cost;BE Hub ? Local Hub;Local Hub ? Customer
BE-DC3;DE;E-commerce;200;59,4;0,075;0,12;0,88;CEILING(Order_Total_Weight_kg / 200);Pallets * Fixed_Cost_per_Pallet + Order_Total_Weight_kg * Variable_Cost_per_kg;Total_Transport_Cost * Last-mile_Share;Total_Transport_Cost - Last-mile_Cost;BE Hub ? Local Hub;Local Hub ? Customer
BE-DC3;DE;Pharmacy;200;56,22;0,0735;0,1;0,9;CEILING(Order_Total_Weight_kg / 200);Pallets * Fixed_Cost_per_Pallet + Order_Total_Weight_kg * Variable_Cost_per_kg;Total_Transport_Cost * Last-mile_Share;Total_Transport_Cost - Last-mile_Cost;BE Hub ? Local Hub;Local Hub ? Customer
BE-DC3;DE;Retail;200;53,04;0,0714;0,08;0,92;CEILING(Order_Total_Weight_kg / 200);Pallets * Fixed_Cost_per_Pallet + Order_Total_Weight_kg * Variable_Cost_per_kg;Total_Transport_Cost * Last-mile_Share;Total_Transport_Cost - Last-mile_Cost;BE Hub ? Local Hub;Local Hub ? Customer
BE-DC3;DE;Retail Sport;200;51,98;0,0707;0,08;0,92;CEILING(Order_Total_Weight_kg / 200);Pallets * Fixed_Cost_per_Pallet + Order_Total_Weight_kg * Variable_Cost_per_kg;Total_Transport_Cost * Last-mile_Share;Total_Transport_Cost - Last-mile_Cost;BE Hub ? Local Hub;Local Hub ? Customer
BE-DC3;DK;E-commerce;200;105,1;0,1017;0,12;0,88;CEILING(Order_Total_Weight_kg / 200);Pallets * Fixed_Cost_per_Pallet + Order_Total_Weight_kg * Variable_Cost_per_kg;Total_Transport_Cost * Last-mile_Share;Total_Transport_Cost - Last-mile_Cost;BE Hub ? Local Hub;Local Hub ? Customer
BE-DC3;DK;Pharmacy;200;99,47;0,0998;0,1;0,9;CEILING(Order_Total_Weight_kg / 200);Pallets * Fixed_Cost_per_Pallet + Order_Total_Weight_kg * Variable_Cost_per_kg;Total_Transport_Cost * Last-mile_Share;Total_Transport_Cost - Last-mile_Cost;BE Hub ? Local Hub;Local Hub ? Customer
BE-DC3;DK;Retail;200;93,84;0,0969;0,08;0,92;CEILING(Order_Total_Weight_kg / 200);Pallets * Fixed_Cost_per_Pallet + Order_Total_Weight_kg * Variable_Cost_per_kg;Total_Transport_Cost * Last-mile_Share;Total_Transport_Cost - Last-mile_Cost;BE Hub ? Local Hub;Local Hub ? Customer
BE-DC3;DK;Retail Sport;200;91,96;0,0959;0,08;0,92;CEILING(Order_Total_Weight_kg / 200);Pallets * Fixed_Cost_per_Pallet + Order_Total_Weight_kg * Variable_Cost_per_kg;Total_Transport_Cost * Last-mile_Share;Total_Transport_Cost - Last-mile_Cost;BE Hub ? Local Hub;Local Hub ? Customer
BE-DC3;EE;E-commerce;200;116,52;0,1125;0,12;0,88;CEILING(Order_Total_Weight_kg / 200);Pallets * Fixed_Cost_per_Pallet + Order_Total_Weight_kg * Variable_Cost_per_kg;Total_Transport_Cost * Last-mile_Share;Total_Transport_Cost - Last-mile_Cost;BE Hub ? Local Hub;Local Hub ? Customer
BE-DC3;EE;Pharmacy;200;110,28;0,1103;0,1;0,9;CEILING(Order_Total_Weight_kg / 200);Pallets * Fixed_Cost_per_Pallet + Order_Total_Weight_kg * Variable_Cost_per_kg;Total_Transport_Cost * Last-mile_Share;Total_Transport_Cost - Last-mile_Cost;BE Hub ? Local Hub;Local Hub ? Customer
BE-DC3;EE;Retail;200;104,04;0,1071;0,08;0,92;CEILING(Order_Total_Weight_kg / 200);Pallets * Fixed_Cost_per_Pallet + Order_Total_Weight_kg * Variable_Cost_per_kg;Total_Transport_Cost * Last-mile_Share;Total_Transport_Cost - Last-mile_Cost;BE Hub ? Local Hub;Local Hub ? Customer
BE-DC3;EE;Retail Sport;200;101,96;0,106;0,08;0,92;CEILING(Order_Total_Weight_kg / 200);Pallets * Fixed_Cost_per_Pallet + Order_Total_Weight_kg * Variable_Cost_per_kg;Total_Transport_Cost * Last-mile_Share;Total_Transport_Cost - Last-mile_Cost;BE Hub ? Local Hub;Local Hub ? Customer
BE-DC3;ES;E-commerce;200;123,38;0,1071;0,12;0,88;CEILING(Order_Total_Weight_kg / 200);Pallets * Fixed_Cost_per_Pallet + Order_Total_Weight_kg * Variable_Cost_per_kg;Total_Transport_Cost * Last-mile_Share;Total_Transport_Cost - Last-mile_Cost;BE Hub ? Local Hub;Local Hub ? Customer
BE-DC3;ES;Pharmacy;200;116,77;0,1051;0,1;0,9;CEILING(Order_Total_Weight_kg / 200);Pallets * Fixed_Cost_per_Pallet + Order_Total_Weight_kg * Variable_Cost_per_kg;Total_Transport_Cost * Last-mile_Share;Total_Transport_Cost - Last-mile_Cost;BE Hub ? Local Hub;Local Hub ? Customer
BE-DC3;ES;Retail;200;110,16;0,102;0,08;0,92;CEILING(Order_Total_Weight_kg / 200);Pallets * Fixed_Cost_per_Pallet + Order_Total_Weight_kg * Variable_Cost_per_kg;Total_Transport_Cost * Last-mile_Share;Total_Transport_Cost - Last-mile_Cost;BE Hub ? Local Hub;Local Hub ? Customer
BE-DC3;ES;Retail Sport;200;107,96;0,101;0,08;0,92;CEILING(Order_Total_Weight_kg / 200);Pallets * Fixed_Cost_per_Pallet + Order_Total_Weight_kg * Variable_Cost_per_kg;Total_Transport_Cost * Last-mile_Share;Total_Transport_Cost - Last-mile_Cost;BE Hub ? Local Hub;Local Hub ? Customer
BE-DC3;FI;E-commerce;200;105,1;0,1017;0,12;0,88;CEILING(Order_Total_Weight_kg / 200);Pallets * Fixed_Cost_per_Pallet + Order_Total_Weight_kg * Variable_Cost_per_kg;Total_Transport_Cost * Last-mile_Share;Total_Transport_Cost - Last-mile_Cost;BE Hub ? Local Hub;Local Hub ? Customer
BE-DC3;FI;Pharmacy;200;99,47;0,0998;0,1;0,9;CEILING(Order_Total_Weight_kg / 200);Pallets * Fixed_Cost_per_Pallet + Order_Total_Weight_kg * Variable_Cost_per_kg;Total_Transport_Cost * Last-mile_Share;Total_Transport_Cost - Last-mile_Cost;BE Hub ? Local Hub;Local Hub ? Customer
BE-DC3;FI;Retail;200;93,84;0,0969;0,08;0,92;CEILING(Order_Total_Weight_kg / 200);Pallets * Fixed_Cost_per_Pallet + Order_Total_Weight_kg * Variable_Cost_per_kg;Total_Transport_Cost * Last-mile_Share;Total_Transport_Cost - Last-mile_Cost;BE Hub ? Local Hub;Local Hub ? Customer
BE-DC3;FI;Retail Sport;200;91,96;0,0959;0,08;0,92;CEILING(Order_Total_Weight_kg / 200);Pallets * Fixed_Cost_per_Pallet + Order_Total_Weight_kg * Variable_Cost_per_kg;Total_Transport_Cost * Last-mile_Share;Total_Transport_Cost - Last-mile_Cost;BE Hub ? Local Hub;Local Hub ? Customer
BE-DC3;FR;E-commerce;200;59,4;0,075;0,12;0,88;CEILING(Order_Total_Weight_kg / 200);Pallets * Fixed_Cost_per_Pallet + Order_Total_Weight_kg * Variable_Cost_per_kg;Total_Transport_Cost * Last-mile_Share;Total_Transport_Cost - Last-mile_Cost;BE Hub ? Local Hub;Local Hub ? Customer
BE-DC3;FR;Pharmacy;200;56,22;0,0735;0,1;0,9;CEILING(Order_Total_Weight_kg / 200);Pallets * Fixed_Cost_per_Pallet + Order_Total_Weight_kg * Variable_Cost_per_kg;Total_Transport_Cost * Last-mile_Share;Total_Transport_Cost - Last-mile_Cost;BE Hub ? Local Hub;Local Hub ? Customer
BE-DC3;FR;Retail;200;53,04;0,0714;0,08;0,92;CEILING(Order_Total_Weight_kg / 200);Pallets * Fixed_Cost_per_Pallet + Order_Total_Weight_kg * Variable_Cost_per_kg;Total_Transport_Cost * Last-mile_Share;Total_Transport_Cost - Last-mile_Cost;BE Hub ? Local Hub;Local Hub ? Customer
BE-DC3;FR;Retail Sport;200;51,98;0,0707;0,08;0,92;CEILING(Order_Total_Weight_kg / 200);Pallets * Fixed_Cost_per_Pallet + Order_Total_Weight_kg * Variable_Cost_per_kg;Total_Transport_Cost * Last-mile_Share;Total_Transport_Cost - Last-mile_Cost;BE Hub ? Local Hub;Local Hub ? Customer
BE-DC3;GR;E-commerce;200;123,38;0,1071;0,12;0,88;CEILING(Order_Total_Weight_kg / 200);Pallets * Fixed_Cost_per_Pallet + Order_Total_Weight_kg * Variable_Cost_per_kg;Total_Transport_Cost * Last-mile_Share;Total_Transport_Cost - Last-mile_Cost;BE Hub ? Local Hub;Local Hub ? Customer
BE-DC3;GR;Pharmacy;200;116,77;0,1051;0,1;0,9;CEILING(Order_Total_Weight_kg / 200);Pallets * Fixed_Cost_per_Pallet + Order_Total_Weight_kg * Variable_Cost_per_kg;Total_Transport_Cost * Last-mile_Share;Total_Transport_Cost - Last-mile_Cost;BE Hub ? Local Hub;Local Hub ? Customer
BE-DC3;GR;Retail;200;110,16;0,102;0,08;0,92;CEILING(Order_Total_Weight_kg / 200);Pallets * Fixed_Cost_per_Pallet + Order_Total_Weight_kg * Variable_Cost_per_kg;Total_Transport_Cost * Last-mile_Share;Total_Transport_Cost - Last-mile_Cost;BE Hub ? Local Hub;Local Hub ? Customer
BE-DC3;GR;Retail Sport;200;107,96;0,101;0,08;0,92;CEILING(Order_Total_Weight_kg / 200);Pallets * Fixed_Cost_per_Pallet + Order_Total_Weight_kg * Variable_Cost_per_kg;Total_Transport_Cost * Last-mile_Share;Total_Transport_Cost - Last-mile_Cost;BE Hub ? Local Hub;Local Hub ? Customer
BE-DC3;HR;E-commerce;200;89,11;0,091;0,12;0,88;CEILING(Order_Total_Weight_kg / 200);Pallets * Fixed_Cost_per_Pallet + Order_Total_Weight_kg * Variable_Cost_per_kg;Total_Transport_Cost * Last-mile_Share;Total_Transport_Cost - Last-mile_Cost;BE Hub ? Local Hub;Local Hub ? Customer
BE-DC3;HR;Pharmacy;200;84,33;0,0893;0,1;0,9;CEILING(Order_Total_Weight_kg / 200);Pallets * Fixed_Cost_per_Pallet + Order_Total_Weight_kg * Variable_Cost_per_kg;Total_Transport_Cost * Last-mile_Share;Total_Transport_Cost - Last-mile_Cost;BE Hub ? Local Hub;Local Hub ? Customer
BE-DC3;HR;Retail;200;79,56;0,0867;0,08;0,92;CEILING(Order_Total_Weight_kg / 200);Pallets * Fixed_Cost_per_Pallet + Order_Total_Weight_kg * Variable_Cost_per_kg;Total_Transport_Cost * Last-mile_Share;Total_Transport_Cost - Last-mile_Cost;BE Hub ? Local Hub;Local Hub ? Customer
BE-DC3;HR;Retail Sport;200;77,97;0,0858;0,08;0,92;CEILING(Order_Total_Weight_kg / 200);Pallets * Fixed_Cost_per_Pallet + Order_Total_Weight_kg * Variable_Cost_per_kg;Total_Transport_Cost * Last-mile_Share;Total_Transport_Cost - Last-mile_Cost;BE Hub ? Local Hub;Local Hub ? Customer
BE-DC3;HU;E-commerce;200;89,11;0,091;0,12;0,88;CEILING(Order_Total_Weight_kg / 200);Pallets * Fixed_Cost_per_Pallet + Order_Total_Weight_kg * Variable_Cost_per_kg;Total_Transport_Cost * Last-mile_Share;Total_Transport_Cost - Last-mile_Cost;BE Hub ? Local Hub;Local Hub ? Customer
BE-DC3;HU;Pharmacy;200;84,33;0,0893;0,1;0,9;CEILING(Order_Total_Weight_kg / 200);Pallets * Fixed_Cost_per_Pallet + Order_Total_Weight_kg * Variable_Cost_per_kg;Total_Transport_Cost * Last-mile_Share;Total_Transport_Cost - Last-mile_Cost;BE Hub ? Local Hub;Local Hub ? Customer
BE-DC3;HU;Retail;200;79,56;0,0867;0,08;0,92;CEILING(Order_Total_Weight_kg / 200);Pallets * Fixed_Cost_per_Pallet + Order_Total_Weight_kg * Variable_Cost_per_kg;Total_Transport_Cost * Last-mile_Share;Total_Transport_Cost - Last-mile_Cost;BE Hub ? Local Hub;Local Hub ? Customer
BE-DC3;HU;Retail Sport;200;77,97;0,0858;0,08;0,92;CEILING(Order_Total_Weight_kg / 200);Pallets * Fixed_Cost_per_Pallet + Order_Total_Weight_kg * Variable_Cost_per_kg;Total_Transport_Cost * Last-mile_Share;Total_Transport_Cost - Last-mile_Cost;BE Hub ? Local Hub;Local Hub ? Customer
BE-DC3;IE;E-commerce;200;59,4;0,075;0,12;0,88;CEILING(Order_Total_Weight_kg / 200);Pallets * Fixed_Cost_per_Pallet + Order_Total_Weight_kg * Variable_Cost_per_kg;Total_Transport_Cost * Last-mile_Share;Total_Transport_Cost - Last-mile_Cost;BE Hub ? Local Hub;Local Hub ? Customer
BE-DC3;IE;Pharmacy;200;56,22;0,0735;0,1;0,9;CEILING(Order_Total_Weight_kg / 200);Pallets * Fixed_Cost_per_Pallet + Order_Total_Weight_kg * Variable_Cost_per_kg;Total_Transport_Cost * Last-mile_Share;Total_Transport_Cost - Last-mile_Cost;BE Hub ? Local Hub;Local Hub ? Customer
BE-DC3;IE;Retail;200;53,04;0,0714;0,08;0,92;CEILING(Order_Total_Weight_kg / 200);Pallets * Fixed_Cost_per_Pallet + Order_Total_Weight_kg * Variable_Cost_per_kg;Total_Transport_Cost * Last-mile_Share;Total_Transport_Cost - Last-mile_Cost;BE Hub ? Local Hub;Local Hub ? Customer
BE-DC3;IE;Retail Sport;200;51,98;0,0707;0,08;0,92;CEILING(Order_Total_Weight_kg / 200);Pallets * Fixed_Cost_per_Pallet + Order_Total_Weight_kg * Variable_Cost_per_kg;Total_Transport_Cost * Last-mile_Share;Total_Transport_Cost - Last-mile_Cost;BE Hub ? Local Hub;Local Hub ? Customer
BE-DC3;IT;E-commerce;200;123,38;0,1071;0,12;0,88;CEILING(Order_Total_Weight_kg / 200);Pallets * Fixed_Cost_per_Pallet + Order_Total_Weight_kg * Variable_Cost_per_kg;Total_Transport_Cost * Last-mile_Share;Total_Transport_Cost - Last-mile_Cost;BE Hub ? Local Hub;Local Hub ? Customer
BE-DC3;IT;Pharmacy;200;116,77;0,1051;0,1;0,9;CEILING(Order_Total_Weight_kg / 200);Pallets * Fixed_Cost_per_Pallet + Order_Total_Weight_kg * Variable_Cost_per_kg;Total_Transport_Cost * Last-mile_Share;Total_Transport_Cost - Last-mile_Cost;BE Hub ? Local Hub;Local Hub ? Customer
BE-DC3;IT;Retail;200;110,16;0,102;0,08;0,92;CEILING(Order_Total_Weight_kg / 200);Pallets * Fixed_Cost_per_Pallet + Order_Total_Weight_kg * Variable_Cost_per_kg;Total_Transport_Cost * Last-mile_Share;Total_Transport_Cost - Last-mile_Cost;BE Hub ? Local Hub;Local Hub ? Customer
BE-DC3;IT;Retail Sport;200;107,96;0,101;0,08;0,92;CEILING(Order_Total_Weight_kg / 200);Pallets * Fixed_Cost_per_Pallet + Order_Total_Weight_kg * Variable_Cost_per_kg;Total_Transport_Cost * Last-mile_Share;Total_Transport_Cost - Last-mile_Cost;BE Hub ? Local Hub;Local Hub ? Customer
BE-DC3;LT;E-commerce;200;116,52;0,1125;0,12;0,88;CEILING(Order_Total_Weight_kg / 200);Pallets * Fixed_Cost_per_Pallet + Order_Total_Weight_kg * Variable_Cost_per_kg;Total_Transport_Cost * Last-mile_Share;Total_Transport_Cost - Last-mile_Cost;BE Hub ? Local Hub;Local Hub ? Customer
BE-DC3;LT;Pharmacy;200;110,28;0,1103;0,1;0,9;CEILING(Order_Total_Weight_kg / 200);Pallets * Fixed_Cost_per_Pallet + Order_Total_Weight_kg * Variable_Cost_per_kg;Total_Transport_Cost * Last-mile_Share;Total_Transport_Cost - Last-mile_Cost;BE Hub ? Local Hub;Local Hub ? Customer
BE-DC3;LT;Retail;200;104,04;0,1071;0,08;0,92;CEILING(Order_Total_Weight_kg / 200);Pallets * Fixed_Cost_per_Pallet + Order_Total_Weight_kg * Variable_Cost_per_kg;Total_Transport_Cost * Last-mile_Share;Total_Transport_Cost - Last-mile_Cost;BE Hub ? Local Hub;Local Hub ? Customer
BE-DC3;LT;Retail Sport;200;101,96;0,106;0,08;0,92;CEILING(Order_Total_Weight_kg / 200);Pallets * Fixed_Cost_per_Pallet + Order_Total_Weight_kg * Variable_Cost_per_kg;Total_Transport_Cost * Last-mile_Share;Total_Transport_Cost - Last-mile_Cost;BE Hub ? Local Hub;Local Hub ? Customer
BE-DC3;LU;E-commerce;200;59,4;0,075;0,12;0,88;CEILING(Order_Total_Weight_kg / 200);Pallets * Fixed_Cost_per_Pallet + Order_Total_Weight_kg * Variable_Cost_per_kg;Total_Transport_Cost * Last-mile_Share;Total_Transport_Cost - Last-mile_Cost;BE Hub ? Local Hub;Local Hub ? Customer
BE-DC3;LU;Pharmacy;200;56,22;0,0735;0,1;0,9;CEILING(Order_Total_Weight_kg / 200);Pallets * Fixed_Cost_per_Pallet + Order_Total_Weight_kg * Variable_Cost_per_kg;Total_Transport_Cost * Last-mile_Share;Total_Transport_Cost - Last-mile_Cost;BE Hub ? Local Hub;Local Hub ? Customer
BE-DC3;LU;Retail;200;53,04;0,0714;0,08;0,92;CEILING(Order_Total_Weight_kg / 200);Pallets * Fixed_Cost_per_Pallet + Order_Total_Weight_kg * Variable_Cost_per_kg;Total_Transport_Cost * Last-mile_Share;Total_Transport_Cost - Last-mile_Cost;BE Hub ? Local Hub;Local Hub ? Customer
BE-DC3;LU;Retail Sport;200;51,98;0,0707;0,08;0,92;CEILING(Order_Total_Weight_kg / 200);Pallets * Fixed_Cost_per_Pallet + Order_Total_Weight_kg * Variable_Cost_per_kg;Total_Transport_Cost * Last-mile_Share;Total_Transport_Cost - Last-mile_Cost;BE Hub ? Local Hub;Local Hub ? Customer
BE-DC3;LV;E-commerce;200;116,52;0,1125;0,12;0,88;CEILING(Order_Total_Weight_kg / 200);Pallets * Fixed_Cost_per_Pallet + Order_Total_Weight_kg * Variable_Cost_per_kg;Total_Transport_Cost * Last-mile_Share;Total_Transport_Cost - Last-mile_Cost;BE Hub ? Local Hub;Local Hub ? Customer
BE-DC3;LV;Pharmacy;200;110,28;0,1103;0,1;0,9;CEILING(Order_Total_Weight_kg / 200);Pallets * Fixed_Cost_per_Pallet + Order_Total_Weight_kg * Variable_Cost_per_kg;Total_Transport_Cost * Last-mile_Share;Total_Transport_Cost - Last-mile_Cost;BE Hub ? Local Hub;Local Hub ? Customer
BE-DC3;LV;Retail;200;104,04;0,1071;0,08;0,92;CEILING(Order_Total_Weight_kg / 200);Pallets * Fixed_Cost_per_Pallet + Order_Total_Weight_kg * Variable_Cost_per_kg;Total_Transport_Cost * Last-mile_Share;Total_Transport_Cost - Last-mile_Cost;BE Hub ? Local Hub;Local Hub ? Customer
BE-DC3;LV;Retail Sport;200;101,96;0,106;0,08;0,92;CEILING(Order_Total_Weight_kg / 200);Pallets * Fixed_Cost_per_Pallet + Order_Total_Weight_kg * Variable_Cost_per_kg;Total_Transport_Cost * Last-mile_Share;Total_Transport_Cost - Last-mile_Cost;BE Hub ? Local Hub;Local Hub ? Customer
BE-DC3;MT;E-commerce;200;166,56;0,1285;0,12;0,88;CEILING(Order_Total_Weight_kg / 200);Pallets * Fixed_Cost_per_Pallet + Order_Total_Weight_kg * Variable_Cost_per_kg;Total_Transport_Cost * Last-mile_Share;Total_Transport_Cost - Last-mile_Cost;BE Hub ? Local Hub;Local Hub ? Customer
BE-DC3;MT;Pharmacy;200;157,64;0,1261;0,1;0,9;CEILING(Order_Total_Weight_kg / 200);Pallets * Fixed_Cost_per_Pallet + Order_Total_Weight_kg * Variable_Cost_per_kg;Total_Transport_Cost * Last-mile_Share;Total_Transport_Cost - Last-mile_Cost;BE Hub ? Local Hub;Local Hub ? Customer
BE-DC3;MT;Retail;200;148,72;0,1224;0,08;0,92;CEILING(Order_Total_Weight_kg / 200);Pallets * Fixed_Cost_per_Pallet + Order_Total_Weight_kg * Variable_Cost_per_kg;Total_Transport_Cost * Last-mile_Share;Total_Transport_Cost - Last-mile_Cost;BE Hub ? Local Hub;Local Hub ? Customer
BE-DC3;MT;Retail Sport;200;145,74;0,1212;0,08;0,92;CEILING(Order_Total_Weight_kg / 200);Pallets * Fixed_Cost_per_Pallet + Order_Total_Weight_kg * Variable_Cost_per_kg;Total_Transport_Cost * Last-mile_Share;Total_Transport_Cost - Last-mile_Cost;BE Hub ? Local Hub;Local Hub ? Customer
BE-DC3;NL;E-commerce;200;59,4;0,075;0,12;0,88;CEILING(Order_Total_Weight_kg / 200);Pallets * Fixed_Cost_per_Pallet + Order_Total_Weight_kg * Variable_Cost_per_kg;Total_Transport_Cost * Last-mile_Share;Total_Transport_Cost - Last-mile_Cost;BE Hub ? Local Hub;Local Hub ? Customer
BE-DC3;NL;Pharmacy;200;56,22;0,0735;0,1;0,9;CEILING(Order_Total_Weight_kg / 200);Pallets * Fixed_Cost_per_Pallet + Order_Total_Weight_kg * Variable_Cost_per_kg;Total_Transport_Cost * Last-mile_Share;Total_Transport_Cost - Last-mile_Cost;BE Hub ? Local Hub;Local Hub ? Customer
BE-DC3;NL;Retail;200;53,04;0,0714;0,08;0,92;CEILING(Order_Total_Weight_kg / 200);Pallets * Fixed_Cost_per_Pallet + Order_Total_Weight_kg * Variable_Cost_per_kg;Total_Transport_Cost * Last-mile_Share;Total_Transport_Cost - Last-mile_Cost;BE Hub ? Local Hub;Local Hub ? Customer
BE-DC3;NL;Retail Sport;200;51,98;0,0707;0,08;0,92;CEILING(Order_Total_Weight_kg / 200);Pallets * Fixed_Cost_per_Pallet + Order_Total_Weight_kg * Variable_Cost_per_kg;Total_Transport_Cost * Last-mile_Share;Total_Transport_Cost - Last-mile_Cost;BE Hub ? Local Hub;Local Hub ? Customer
BE-DC3;PL;E-commerce;200;89,11;0,091;0,12;0,88;CEILING(Order_Total_Weight_kg / 200);Pallets * Fixed_Cost_per_Pallet + Order_Total_Weight_kg * Variable_Cost_per_kg;Total_Transport_Cost * Last-mile_Share;Total_Transport_Cost - Last-mile_Cost;BE Hub ? Local Hub;Local Hub ? Customer
BE-DC3;PL;Pharmacy;200;84,33;0,0893;0,1;0,9;CEILING(Order_Total_Weight_kg / 200);Pallets * Fixed_Cost_per_Pallet + Order_Total_Weight_kg * Variable_Cost_per_kg;Total_Transport_Cost * Last-mile_Share;Total_Transport_Cost - Last-mile_Cost;BE Hub ? Local Hub;Local Hub ? Customer
BE-DC3;PL;Retail;200;79,56;0,0867;0,08;0,92;CEILING(Order_Total_Weight_kg / 200);Pallets * Fixed_Cost_per_Pallet + Order_Total_Weight_kg * Variable_Cost_per_kg;Total_Transport_Cost * Last-mile_Share;Total_Transport_Cost - Last-mile_Cost;BE Hub ? Local Hub;Local Hub ? Customer
BE-DC3;PL;Retail Sport;200;77,97;0,0858;0,08;0,92;CEILING(Order_Total_Weight_kg / 200);Pallets * Fixed_Cost_per_Pallet + Order_Total_Weight_kg * Variable_Cost_per_kg;Total_Transport_Cost * Last-mile_Share;Total_Transport_Cost - Last-mile_Cost;BE Hub ? Local Hub;Local Hub ? Customer
BE-DC3;PT;E-commerce;200;123,38;0,1071;0,12;0,88;CEILING(Order_Total_Weight_kg / 200);Pallets * Fixed_Cost_per_Pallet + Order_Total_Weight_kg * Variable_Cost_per_kg;Total_Transport_Cost * Last-mile_Share;Total_Transport_Cost - Last-mile_Cost;BE Hub ? Local Hub;Local Hub ? Customer
BE-DC3;PT;Pharmacy;200;116,77;0,1051;0,1;0,9;CEILING(Order_Total_Weight_kg / 200);Pallets * Fixed_Cost_per_Pallet + Order_Total_Weight_kg * Variable_Cost_per_kg;Total_Transport_Cost * Last-mile_Share;Total_Transport_Cost - Last-mile_Cost;BE Hub ? Local Hub;Local Hub ? Customer
BE-DC3;PT;Retail;200;110,16;0,102;0,08;0,92;CEILING(Order_Total_Weight_kg / 200);Pallets * Fixed_Cost_per_Pallet + Order_Total_Weight_kg * Variable_Cost_per_kg;Total_Transport_Cost * Last-mile_Share;Total_Transport_Cost - Last-mile_Cost;BE Hub ? Local Hub;Local Hub ? Customer
BE-DC3;PT;Retail Sport;200;107,96;0,101;0,08;0,92;CEILING(Order_Total_Weight_kg / 200);Pallets * Fixed_Cost_per_Pallet + Order_Total_Weight_kg * Variable_Cost_per_kg;Total_Transport_Cost * Last-mile_Share;Total_Transport_Cost - Last-mile_Cost;BE Hub ? Local Hub;Local Hub ? Customer
BE-DC3;RO;E-commerce;200;89,11;0,091;0,12;0,88;CEILING(Order_Total_Weight_kg / 200);Pallets * Fixed_Cost_per_Pallet + Order_Total_Weight_kg * Variable_Cost_per_kg;Total_Transport_Cost * Last-mile_Share;Total_Transport_Cost - Last-mile_Cost;BE Hub ? Local Hub;Local Hub ? Customer
BE-DC3;RO;Pharmacy;200;84,33;0,0893;0,1;0,9;CEILING(Order_Total_Weight_kg / 200);Pallets * Fixed_Cost_per_Pallet + Order_Total_Weight_kg * Variable_Cost_per_kg;Total_Transport_Cost * Last-mile_Share;Total_Transport_Cost - Last-mile_Cost;BE Hub ? Local Hub;Local Hub ? Customer
BE-DC3;RO;Retail;200;79,56;0,0867;0,08;0,92;CEILING(Order_Total_Weight_kg / 200);Pallets * Fixed_Cost_per_Pallet + Order_Total_Weight_kg * Variable_Cost_per_kg;Total_Transport_Cost * Last-mile_Share;Total_Transport_Cost - Last-mile_Cost;BE Hub ? Local Hub;Local Hub ? Customer
BE-DC3;RO;Retail Sport;200;77,97;0,0858;0,08;0,92;CEILING(Order_Total_Weight_kg / 200);Pallets * Fixed_Cost_per_Pallet + Order_Total_Weight_kg * Variable_Cost_per_kg;Total_Transport_Cost * Last-mile_Share;Total_Transport_Cost - Last-mile_Cost;BE Hub ? Local Hub;Local Hub ? Customer
BE-DC3;SE;E-commerce;200;105,1;0,1017;0,12;0,88;CEILING(Order_Total_Weight_kg / 200);Pallets * Fixed_Cost_per_Pallet + Order_Total_Weight_kg * Variable_Cost_per_kg;Total_Transport_Cost * Last-mile_Share;Total_Transport_Cost - Last-mile_Cost;BE Hub ? Local Hub;Local Hub ? Customer
BE-DC3;SE;Pharmacy;200;99,47;0,0998;0,1;0,9;CEILING(Order_Total_Weight_kg / 200);Pallets * Fixed_Cost_per_Pallet + Order_Total_Weight_kg * Variable_Cost_per_kg;Total_Transport_Cost * Last-mile_Share;Total_Transport_Cost - Last-mile_Cost;BE Hub ? Local Hub;Local Hub ? Customer
BE-DC3;SE;Retail;200;93,84;0,0969;0,08;0,92;CEILING(Order_Total_Weight_kg / 200);Pallets * Fixed_Cost_per_Pallet + Order_Total_Weight_kg * Variable_Cost_per_kg;Total_Transport_Cost * Last-mile_Share;Total_Transport_Cost - Last-mile_Cost;BE Hub ? Local Hub;Local Hub ? Customer
BE-DC3;SE;Retail Sport;200;91,96;0,0959;0,08;0,92;CEILING(Order_Total_Weight_kg / 200);Pallets * Fixed_Cost_per_Pallet + Order_Total_Weight_kg * Variable_Cost_per_kg;Total_Transport_Cost * Last-mile_Share;Total_Transport_Cost - Last-mile_Cost;BE Hub ? Local Hub;Local Hub ? Customer
BE-DC3;SI;E-commerce;200;89,11;0,091;0,12;0,88;CEILING(Order_Total_Weight_kg / 200);Pallets * Fixed_Cost_per_Pallet + Order_Total_Weight_kg * Variable_Cost_per_kg;Total_Transport_Cost * Last-mile_Share;Total_Transport_Cost - Last-mile_Cost;BE Hub ? Local Hub;Local Hub ? Customer
BE-DC3;SI;Pharmacy;200;84,33;0,0893;0,1;0,9;CEILING(Order_Total_Weight_kg / 200);Pallets * Fixed_Cost_per_Pallet + Order_Total_Weight_kg * Variable_Cost_per_kg;Total_Transport_Cost * Last-mile_Share;Total_Transport_Cost - Last-mile_Cost;BE Hub ? Local Hub;Local Hub ? Customer
BE-DC3;SI;Retail;200;79,56;0,0867;0,08;0,92;CEILING(Order_Total_Weight_kg / 200);Pallets * Fixed_Cost_per_Pallet + Order_Total_Weight_kg * Variable_Cost_per_kg;Total_Transport_Cost * Last-mile_Share;Total_Transport_Cost - Last-mile_Cost;BE Hub ? Local Hub;Local Hub ? Customer
BE-DC3;SI;Retail Sport;200;77,97;0,0858;0,08;0,92;CEILING(Order_Total_Weight_kg / 200);Pallets * Fixed_Cost_per_Pallet + Order_Total_Weight_kg * Variable_Cost_per_kg;Total_Transport_Cost * Last-mile_Share;Total_Transport_Cost - Last-mile_Cost;BE Hub ? Local Hub;Local Hub ? Customer
BE-DC3;SK;E-commerce;200;89,11;0,091;0,12;0,88;CEILING(Order_Total_Weight_kg / 200);Pallets * Fixed_Cost_per_Pallet + Order_Total_Weight_kg * Variable_Cost_per_kg;Total_Transport_Cost * Last-mile_Share;Total_Transport_Cost - Last-mile_Cost;BE Hub ? Local Hub;Local Hub ? Customer
BE-DC3;SK;Pharmacy;200;84,33;0,0893;0,1;0,9;CEILING(Order_Total_Weight_kg / 200);Pallets * Fixed_Cost_per_Pallet + Order_Total_Weight_kg * Variable_Cost_per_kg;Total_Transport_Cost * Last-mile_Share;Total_Transport_Cost - Last-mile_Cost;BE Hub ? Local Hub;Local Hub ? Customer
BE-DC3;SK;Retail;200;79,56;0,0867;0,08;0,92;CEILING(Order_Total_Weight_kg / 200);Pallets * Fixed_Cost_per_Pallet + Order_Total_Weight_kg * Variable_Cost_per_kg;Total_Transport_Cost * Last-mile_Share;Total_Transport_Cost - Last-mile_Cost;BE Hub ? Local Hub;Local Hub ? Customer
BE-DC3;SK;Retail Sport;200;77,97;0,0858;0,08;0,92;CEILING(Order_Total_Weight_kg / 200);Pallets * Fixed_Cost_per_Pallet + Order_Total_Weight_kg * Variable_Cost_per_kg;Total_Transport_Cost * Last-mile_Share;Total_Transport_Cost - Last-mile_Cost;BE Hub ? Local Hub;Local Hub ? Customer
