Ship To ID;Customer ID;Ship To Name;Country
LS0000001;LC000001;FitNest AT Online #0001 - Location 1;AT
LS0000002;LC000002;VitaBox AT Online #0002 - Location 1;AT
LS0000003;LC000003;VitaBox AT Online #0003 - Location 1;AT
LS0000004;LC000004;PulseMarket AT Online #0004 - Location 1;AT
LS0000005;LC000005;VitaBox AT Online #0005 - Location 1;AT
LS0000006;LC000006;FitNest AT Online #0006 - Location 1;AT
LS0000007;LC000006;FitNest AT Online #0006 - Location 2;AT
LS0000008;LC000007;CarePharm AT #0007 - Location 1;AT
LS0000009;LC000008;EuroPharmx AT #0008 - Location 1;AT
LS0000010;LC000008;EuroPharmx AT #0008 - Location 2;AT
LS0000011;LC000009;EuroPharmx AT #0009 - Location 1;AT
LS0000012;LC000009;EuroPharmx AT #0009 - Location 2;AT
LS0000013;LC000010;Carrefouk AT #0010 - Location 1;AT
LS0000014;LC000011;Carrefouk AT #0011 - Location 1;AT
LS0000015;LC000012;Aldii AT #0012 - Location 1;AT
LS0000016;LC000012;Aldii AT #0012 - Location 2;AT
LS0000017;LC000013;FitZone AT #0013 - Location 1;AT
LS0000018;LC000013;FitZone AT #0013 - Location 2;AT
LS0000019;LC000014;Intersportt AT #0014 - Location 1;AT
LS0000020;LC000015;Decatlon AT #0015 - Location 1;AT
LS0000021;LC000016;Decathlonn AT #0016 - Location 1;AT
LS0000022;LC000017;Decathlonn AT #0017 - Location 1;AT
LS0000023;LC000018;Decathlonn AT #0018 - Location 1;AT
LS0000024;LC000019;ProSport AT #0019 - Location 1;AT
LS0000025;LC000020;Decatlon AT #0020 - Location 1;AT
LS0000026;LC000021;Intersportt AT #0021 - Location 1;AT
LS0000027;LC000022;VitaBox BE Online #0022 - Location 1;BE
LS0000028;LC000023;PrimeFuel BE Online #0023 - Location 1;BE
LS0000029;LC000024;VitaBox BE Online #0024 - Location 1;BE
LS0000030;LC000024;VitaBox BE Online #0024 - Location 2;BE
LS0000031;LC000025;GymMart BE Online #0025 - Location 1;BE
LS0000032;LC000025;GymMart BE Online #0025 - Location 2;BE
LS0000033;LC000026;PulseMarket BE Online #0026 - Location 1;BE
LS0000034;LC000027;PrimeFuel BE Online #0027 - Location 1;BE
LS0000035;LC000027;PrimeFuel BE Online #0027 - Location 2;BE
LS0000036;LC000028;CarePharm BE #0028 - Location 1;BE
LS0000037;LC000029;NutriPharm BE #0029 - Location 1;BE
LS0000038;LC000030;VitaCare BE #0030 - Location 1;BE
LS0000039;LC000031;Carrefouk BE #0031 - Location 1;BE
LS0000040;LC000031;Carrefouk BE #0031 - Location 2;BE
LS0000041;LC000032;Tesko BE #0032 - Location 1;BE
LS0000042;LC000033;Rewee BE #0033 - Location 1;BE
LS0000043;LC000034;Decatlon BE #0034 - Location 1;BE
LS0000044;LC000035;Decatlon BE #0035 - Location 1;BE
LS0000045;LC000036;Decatlon BE #0036 - Location 1;BE
LS0000046;LC000037;Intersportt BE #0037 - Location 1;BE
LS0000047;LC000038;Decathlonn BE #0038 - Location 1;BE
LS0000048;LC000039;FitZone BE #0039 - Location 1;BE
LS0000049;LC000039;FitZone BE #0039 - Location 2;BE
LS0000050;LC000040;ProSport BE #0040 - Location 1;BE
LS0000051;LC000041;SportDirekt BE #0041 - Location 1;BE
LS0000052;LC000042;Intersportt BE #0042 - Location 1;BE
LS0000053;LC000043;VitaBox BG Online #0043 - Location 1;BG
LS0000054;LC000044;FitNest BG Online #0044 - Location 1;BG
LS0000055;LC000045;FitNest BG Online #0045 - Location 1;BG
LS0000056;LC000046;GymMart BG Online #0046 - Location 1;BG
LS0000057;LC000046;GymMart BG Online #0046 - Location 2;BG
LS0000058;LC000047;CarePharm BG #0047 - Location 1;BG
LS0000059;LC000048;EuroPharmx BG #0048 - Location 1;BG
LS0000060;LC000049;Carrefouk BG #0049 - Location 1;BG
LS0000061;LC000050;Tesko BG #0050 - Location 1;BG
LS0000062;LC000051;Decathlonn BG #0051 - Location 1;BG
LS0000063;LC000051;Decathlonn BG #0051 - Location 2;BG
LS0000064;LC000052;ProSport BG #0052 - Location 1;BG
LS0000065;LC000053;ProSport BG #0053 - Location 1;BG
LS0000066;LC000054;FitZone BG #0054 - Location 1;BG
LS0000067;LC000055;ProSport BG #0055 - Location 1;BG
LS0000068;LC000056;Decatlon BG #0056 - Location 1;BG
LS0000069;LC000056;Decatlon BG #0056 - Location 2;BG
LS0000070;LC000057;GymMart CY Online #0057 - Location 1;CY
LS0000071;LC000058;PrimeFuel CY Online #0058 - Location 1;CY
LS0000072;LC000059;VitaBox CY Online #0059 - Location 1;CY
LS0000073;LC000060;PrimeFuel CY Online #0060 - Location 1;CY
LS0000074;LC000061;CarePharm CY #0061 - Location 1;CY
LS0000075;LC000062;EuroPharmx CY #0062 - Location 1;CY
LS0000076;LC000062;EuroPharmx CY #0062 - Location 2;CY
LS0000077;LC000063;Aldii CY #0063 - Location 1;CY
LS0000078;LC000064;Tesko CY #0064 - Location 1;CY
LS0000079;LC000064;Tesko CY #0064 - Location 2;CY
LS0000080;LC000065;FitZone CY #0065 - Location 1;CY
LS0000081;LC000066;Intersportt CY #0066 - Location 1;CY
LS0000082;LC000067;SportDirekt CY #0067 - Location 1;CY
LS0000083;LC000067;SportDirekt CY #0067 - Location 2;CY
LS0000084;LC000068;SportDirekt CY #0068 - Location 1;CY
LS0000085;LC000069;Intersportt CY #0069 - Location 1;CY
LS0000086;LC000070;FitZone CY #0070 - Location 1;CY
LS0000087;LC000071;VitaBox CZ Online #0071 - Location 1;CZ
LS0000088;LC000072;PulseMarket CZ Online #0072 - Location 1;CZ
LS0000089;LC000073;VitaBox CZ Online #0073 - Location 1;CZ
LS0000090;LC000074;VitaBox CZ Online #0074 - Location 1;CZ
LS0000091;LC000075;VitaCare CZ #0075 - Location 1;CZ
LS0000092;LC000076;NutriPharm CZ #0076 - Location 1;CZ
LS0000093;LC000077;Carrefouk CZ #0077 - Location 1;CZ
LS0000094;LC000077;Carrefouk CZ #0077 - Location 2;CZ
LS0000095;LC000078;Tesko CZ #0078 - Location 1;CZ
LS0000096;LC000079;ProSport CZ #0079 - Location 1;CZ
LS0000097;LC000080;ProSport CZ #0080 - Location 1;CZ
LS0000098;LC000081;Intersportt CZ #0081 - Location 1;CZ
LS0000099;LC000082;Decatlon CZ #0082 - Location 1;CZ
LS0000100;LC000082;Decatlon CZ #0082 - Location 2;CZ
LS0000101;LC000083;Intersportt CZ #0083 - Location 1;CZ
LS0000102;LC000084;Decatlon CZ #0084 - Location 1;CZ
LS0000103;LC000085;PrimeFuel DE Online #0085 - Location 1;DE
LS0000104;LC000086;PrimeFuel DE Online #0086 - Location 1;DE
LS0000105;LC000086;PrimeFuel DE Online #0086 - Location 2;DE
LS0000106;LC000087;PrimeFuel DE Online #0087 - Location 1;DE
LS0000107;LC000088;FitNest DE Online #0088 - Location 1;DE
LS0000108;LC000089;PrimeFuel DE Online #0089 - Location 1;DE
LS0000109;LC000089;PrimeFuel DE Online #0089 - Location 2;DE
LS0000110;LC000090;PrimeFuel DE Online #0090 - Location 1;DE
LS0000111;LC000090;PrimeFuel DE Online #0090 - Location 2;DE
LS0000112;LC000091;PulseMarket DE Online #0091 - Location 1;DE
LS0000113;LC000092;PrimeFuel DE Online #0092 - Location 1;DE
LS0000114;LC000092;PrimeFuel DE Online #0092 - Location 2;DE
LS0000115;LC000093;PrimeFuel DE Online #0093 - Location 1;DE
LS0000116;LC000093;PrimeFuel DE Online #0093 - Location 2;DE
LS0000117;LC000094;GymMart DE Online #0094 - Location 1;DE
LS0000118;LC000094;GymMart DE Online #0094 - Location 2;DE
LS0000119;LC000095;EuroPharmx DE #0095 - Location 1;DE
LS0000120;LC000096;EuroPharmx DE #0096 - Location 1;DE
LS0000121;LC000097;VitaCare DE #0097 - Location 1;DE
LS0000122;LC000098;VitaCare DE #0098 - Location 1;DE
LS0000123;LC000098;VitaCare DE #0098 - Location 2;DE
LS0000124;LC000099;VitaCare DE #0099 - Location 1;DE
LS0000125;LC000100;Auchon DE #0100 - Location 1;DE
LS0000126;LC000101;Aldii DE #0101 - Location 1;DE
LS0000127;LC000102;Tesko DE #0102 - Location 1;DE
LS0000128;LC000103;Carrefouk DE #0103 - Location 1;DE
LS0000129;LC000104;Tesko DE #0104 - Location 1;DE
LS0000130;LC000105;Decatlon DE #0105 - Location 1;DE
LS0000131;LC000106;Decathlonn DE #0106 - Location 1;DE
LS0000132;LC000107;Intersportt DE #0107 - Location 1;DE
LS0000133;LC000108;SportDirekt DE #0108 - Location 1;DE
LS0000134;LC000109;Decathlonn DE #0109 - Location 1;DE
LS0000135;LC000109;Decathlonn DE #0109 - Location 2;DE
LS0000136;LC000110;ProSport DE #0110 - Location 1;DE
LS0000137;LC000111;Decatlon DE #0111 - Location 1;DE
LS0000138;LC000112;ProSport DE #0112 - Location 1;DE
LS0000139;LC000113;FitZone DE #0113 - Location 1;DE
LS0000140;LC000113;FitZone DE #0113 - Location 2;DE
LS0000141;LC000114;ProSport DE #0114 - Location 1;DE
LS0000142;LC000115;Decathlonn DE #0115 - Location 1;DE
LS0000143;LC000116;Intersportt DE #0116 - Location 1;DE
LS0000144;LC000117;Decathlonn DE #0117 - Location 1;DE
LS0000145;LC000118;ProSport DE #0118 - Location 1;DE
LS0000146;LC000118;ProSport DE #0118 - Location 2;DE
LS0000147;LC000119;FitZone DE #0119 - Location 1;DE
LS0000148;LC000120;GymMart DK Online #0120 - Location 1;DK
LS0000149;LC000121;PulseMarket DK Online #0121 - Location 1;DK
LS0000150;LC000122;VitaBox DK Online #0122 - Location 1;DK
LS0000151;LC000123;PrimeFuel DK Online #0123 - Location 1;DK
LS0000152;LC000123;PrimeFuel DK Online #0123 - Location 2;DK
LS0000153;LC000124;CarePharm DK #0124 - Location 1;DK
LS0000154;LC000124;CarePharm DK #0124 - Location 2;DK
LS0000155;LC000125;EuroPharmx DK #0125 - Location 1;DK
LS0000156;LC000126;Tesko DK #0126 - Location 1;DK
LS0000157;LC000127;Tesko DK #0127 - Location 1;DK
LS0000158;LC000127;Tesko DK #0127 - Location 2;DK
LS0000159;LC000128;FitZone DK #0128 - Location 1;DK
LS0000160;LC000128;FitZone DK #0128 - Location 2;DK
LS0000161;LC000129;Decatlon DK #0129 - Location 1;DK
LS0000162;LC000130;Intersportt DK #0130 - Location 1;DK
LS0000163;LC000131;Intersportt DK #0131 - Location 1;DK
LS0000164;LC000131;Intersportt DK #0131 - Location 2;DK
LS0000165;LC000132;ProSport DK #0132 - Location 1;DK
LS0000166;LC000133;Intersportt DK #0133 - Location 1;DK
LS0000167;LC000134;GymMart EE Online #0134 - Location 1;EE
LS0000168;LC000135;PulseMarket EE Online #0135 - Location 1;EE
LS0000169;LC000135;PulseMarket EE Online #0135 - Location 2;EE
LS0000170;LC000136;GymMart EE Online #0136 - Location 1;EE
LS0000171;LC000136;GymMart EE Online #0136 - Location 2;EE
LS0000172;LC000137;PulseMarket EE Online #0137 - Location 1;EE
LS0000173;LC000138;VitaCare EE #0138 - Location 1;EE
LS0000174;LC000139;NutriPharm EE #0139 - Location 1;EE
LS0000175;LC000140;Lidll EE #0140 - Location 1;EE
LS0000176;LC000141;Tesko EE #0141 - Location 1;EE
LS0000177;LC000141;Tesko EE #0141 - Location 2;EE
LS0000178;LC000142;Decathlonn EE #0142 - Location 1;EE
LS0000179;LC000143;Intersportt EE #0143 - Location 1;EE
LS0000180;LC000144;Decatlon EE #0144 - Location 1;EE
LS0000181;LC000145;SportDirekt EE #0145 - Location 1;EE
LS0000182;LC000146;ProSport EE #0146 - Location 1;EE
LS0000183;LC000147;Decathlonn EE #0147 - Location 1;EE
LS0000184;LC000148;FitNest ES Online #0148 - Location 1;ES
LS0000185;LC000148;FitNest ES Online #0148 - Location 2;ES
LS0000186;LC000149;VitaBox ES Online #0149 - Location 1;ES
LS0000187;LC000150;GymMart ES Online #0150 - Location 1;ES
LS0000188;LC000151;PulseMarket ES Online #0151 - Location 1;ES
LS0000189;LC000152;FitNest ES Online #0152 - Location 1;ES
LS0000190;LC000153;PrimeFuel ES Online #0153 - Location 1;ES
LS0000191;LC000154;VitaBox ES Online #0154 - Location 1;ES
LS0000192;LC000154;VitaBox ES Online #0154 - Location 2;ES
LS0000193;LC000155;GymMart ES Online #0155 - Location 1;ES
LS0000194;LC000156;FitNest ES Online #0156 - Location 1;ES
LS0000195;LC000156;FitNest ES Online #0156 - Location 2;ES
LS0000196;LC000157;PulseMarket ES Online #0157 - Location 1;ES
LS0000197;LC000158;EuroPharmx ES #0158 - Location 1;ES
LS0000198;LC000159;VitaCare ES #0159 - Location 1;ES
LS0000199;LC000160;CarePharm ES #0160 - Location 1;ES
LS0000200;LC000161;CarePharm ES #0161 - Location 1;ES
LS0000201;LC000162;CarePharm ES #0162 - Location 1;ES
LS0000202;LC000163;Aldii ES #0163 - Location 1;ES
LS0000203;LC000164;Tesko ES #0164 - Location 1;ES
LS0000204;LC000165;Auchon ES #0165 - Location 1;ES
LS0000205;LC000166;Auchon ES #0166 - Location 1;ES
LS0000206;LC000167;Aldii ES #0167 - Location 1;ES
LS0000207;LC000168;Decathlonn ES #0168 - Location 1;ES
LS0000208;LC000168;Decathlonn ES #0168 - Location 2;ES
LS0000209;LC000169;ProSport ES #0169 - Location 1;ES
LS0000210;LC000170;Decatlon ES #0170 - Location 1;ES
LS0000211;LC000170;Decatlon ES #0170 - Location 2;ES
LS0000212;LC000171;Intersportt ES #0171 - Location 1;ES
LS0000213;LC000172;ProSport ES #0172 - Location 1;ES
LS0000214;LC000172;ProSport ES #0172 - Location 2;ES
LS0000215;LC000173;Decathlonn ES #0173 - Location 1;ES
LS0000216;LC000174;ProSport ES #0174 - Location 1;ES
LS0000217;LC000175;Decatlon ES #0175 - Location 1;ES
LS0000218;LC000176;SportDirekt ES #0176 - Location 1;ES
LS0000219;LC000177;FitZone ES #0177 - Location 1;ES
LS0000220;LC000178;SportDirekt ES #0178 - Location 1;ES
LS0000221;LC000179;ProSport ES #0179 - Location 1;ES
LS0000222;LC000180;Decathlonn ES #0180 - Location 1;ES
LS0000223;LC000180;Decathlonn ES #0180 - Location 2;ES
LS0000224;LC000181;FitZone ES #0181 - Location 1;ES
LS0000225;LC000181;FitZone ES #0181 - Location 2;ES
LS0000226;LC000182;Intersportt ES #0182 - Location 1;ES
LS0000227;LC000182;Intersportt ES #0182 - Location 2;ES
LS0000228;LC000183;PulseMarket FI Online #0183 - Location 1;FI
LS0000229;LC000184;VitaBox FI Online #0184 - Location 1;FI
LS0000230;LC000184;VitaBox FI Online #0184 - Location 2;FI
LS0000231;LC000185;FitNest FI Online #0185 - Location 1;FI
LS0000232;LC000186;FitNest FI Online #0186 - Location 1;FI
LS0000233;LC000187;EuroPharmx FI #0187 - Location 1;FI
LS0000234;LC000187;EuroPharmx FI #0187 - Location 2;FI
LS0000235;LC000188;NutriPharm FI #0188 - Location 1;FI
LS0000236;LC000188;NutriPharm FI #0188 - Location 2;FI
LS0000237;LC000189;Lidll FI #0189 - Location 1;FI
LS0000238;LC000190;Carrefouk FI #0190 - Location 1;FI
LS0000239;LC000191;Decathlonn FI #0191 - Location 1;FI
LS0000240;LC000192;Decatlon FI #0192 - Location 1;FI
LS0000241;LC000193;ProSport FI #0193 - Location 1;FI
LS0000242;LC000193;ProSport FI #0193 - Location 2;FI
LS0000243;LC000194;Intersportt FI #0194 - Location 1;FI
LS0000244;LC000194;Intersportt FI #0194 - Location 2;FI
LS0000245;LC000195;Decathlonn FI #0195 - Location 1;FI
LS0000246;LC000195;Decathlonn FI #0195 - Location 2;FI
LS0000247;LC000196;Decatlon FI #0196 - Location 1;FI
LS0000248;LC000196;Decatlon FI #0196 - Location 2;FI
LS0000249;LC000197;GymMart FR Online #0197 - Location 1;FR
LS0000250;LC000198;PulseMarket FR Online #0198 - Location 1;FR
LS0000251;LC000198;PulseMarket FR Online #0198 - Location 2;FR
LS0000252;LC000199;FitNest FR Online #0199 - Location 1;FR
LS0000253;LC000200;PulseMarket FR Online #0200 - Location 1;FR
LS0000254;LC000201;PrimeFuel FR Online #0201 - Location 1;FR
LS0000255;LC000201;PrimeFuel FR Online #0201 - Location 2;FR
LS0000256;LC000202;PulseMarket FR Online #0202 - Location 1;FR
LS0000257;LC000203;VitaBox FR Online #0203 - Location 1;FR
LS0000258;LC000204;VitaBox FR Online #0204 - Location 1;FR
LS0000259;LC000204;VitaBox FR Online #0204 - Location 2;FR
LS0000260;LC000205;FitNest FR Online #0205 - Location 1;FR
LS0000261;LC000205;FitNest FR Online #0205 - Location 2;FR
LS0000262;LC000206;PrimeFuel FR Online #0206 - Location 1;FR
LS0000263;LC000206;PrimeFuel FR Online #0206 - Location 2;FR
LS0000264;LC000207;EuroPharmx FR #0207 - Location 1;FR
LS0000265;LC000208;EuroPharmx FR #0208 - Location 1;FR
LS0000266;LC000209;EuroPharmx FR #0209 - Location 1;FR
LS0000267;LC000210;CarePharm FR #0210 - Location 1;FR
LS0000268;LC000211;EuroPharmx FR #0211 - Location 1;FR
LS0000269;LC000211;EuroPharmx FR #0211 - Location 2;FR
LS0000270;LC000212;Rewee FR #0212 - Location 1;FR
LS0000271;LC000213;Rewee FR #0213 - Location 1;FR
LS0000272;LC000214;Auchon FR #0214 - Location 1;FR
LS0000273;LC000215;Carrefouk FR #0215 - Location 1;FR
LS0000274;LC000216;Auchon FR #0216 - Location 1;FR
LS0000275;LC000217;ProSport FR #0217 - Location 1;FR
LS0000276;LC000217;ProSport FR #0217 - Location 2;FR
LS0000277;LC000218;FitZone FR #0218 - Location 1;FR
LS0000278;LC000219;ProSport FR #0219 - Location 1;FR
LS0000279;LC000219;ProSport FR #0219 - Location 2;FR
LS0000280;LC000220;Decatlon FR #0220 - Location 1;FR
LS0000281;LC000221;Decatlon FR #0221 - Location 1;FR
LS0000282;LC000222;Intersportt FR #0222 - Location 1;FR
LS0000283;LC000223;Intersportt FR #0223 - Location 1;FR
LS0000284;LC000223;Intersportt FR #0223 - Location 2;FR
LS0000285;LC000224;Decatlon FR #0224 - Location 1;FR
LS0000286;LC000225;Intersportt FR #0225 - Location 1;FR
LS0000287;LC000226;FitZone FR #0226 - Location 1;FR
LS0000288;LC000227;Decathlonn FR #0227 - Location 1;FR
LS0000289;LC000228;ProSport FR #0228 - Location 1;FR
LS0000290;LC000229;Decathlonn FR #0229 - Location 1;FR
LS0000291;LC000230;SportDirekt FR #0230 - Location 1;FR
LS0000292;LC000230;SportDirekt FR #0230 - Location 2;FR
LS0000293;LC000231;ProSport FR #0231 - Location 1;FR
LS0000294;LC000232;PrimeFuel GR Online #0232 - Location 1;GR
LS0000295;LC000233;PulseMarket GR Online #0233 - Location 1;GR
LS0000296;LC000234;GymMart GR Online #0234 - Location 1;GR
LS0000297;LC000235;FitNest GR Online #0235 - Location 1;GR
LS0000298;LC000236;CarePharm GR #0236 - Location 1;GR
LS0000299;LC000237;EuroPharmx GR #0237 - Location 1;GR
LS0000300;LC000238;Aldii GR #0238 - Location 1;GR
LS0000301;LC000239;Rewee GR #0239 - Location 1;GR
LS0000302;LC000240;SportDirekt GR #0240 - Location 1;GR
LS0000303;LC000240;SportDirekt GR #0240 - Location 2;GR
LS0000304;LC000241;FitZone GR #0241 - Location 1;GR
LS0000305;LC000242;FitZone GR #0242 - Location 1;GR
LS0000306;LC000243;Intersportt GR #0243 - Location 1;GR
LS0000307;LC000243;Intersportt GR #0243 - Location 2;GR
LS0000308;LC000244;FitZone GR #0244 - Location 1;GR
LS0000309;LC000244;FitZone GR #0244 - Location 2;GR
LS0000310;LC000245;Decatlon GR #0245 - Location 1;GR
LS0000311;LC000246;PrimeFuel HR Online #0246 - Location 1;HR
LS0000312;LC000246;PrimeFuel HR Online #0246 - Location 2;HR
LS0000313;LC000247;PrimeFuel HR Online #0247 - Location 1;HR
LS0000314;LC000247;PrimeFuel HR Online #0247 - Location 2;HR
LS0000315;LC000248;GymMart HR Online #0248 - Location 1;HR
LS0000316;LC000248;GymMart HR Online #0248 - Location 2;HR
LS0000317;LC000249;PrimeFuel HR Online #0249 - Location 1;HR
LS0000318;LC000250;VitaCare HR #0250 - Location 1;HR
LS0000319;LC000251;VitaCare HR #0251 - Location 1;HR
LS0000320;LC000252;Aldii HR #0252 - Location 1;HR
LS0000321;LC000252;Aldii HR #0252 - Location 2;HR
LS0000322;LC000253;Rewee HR #0253 - Location 1;HR
LS0000323;LC000254;FitZone HR #0254 - Location 1;HR
LS0000324;LC000255;FitZone HR #0255 - Location 1;HR
LS0000325;LC000255;FitZone HR #0255 - Location 2;HR
LS0000326;LC000256;FitZone HR #0256 - Location 1;HR
LS0000327;LC000257;Decathlonn HR #0257 - Location 1;HR
LS0000328;LC000258;Decatlon HR #0258 - Location 1;HR
LS0000329;LC000259;FitZone HR #0259 - Location 1;HR
LS0000330;LC000260;PulseMarket HU Online #0260 - Location 1;HU
LS0000331;LC000261;FitNest HU Online #0261 - Location 1;HU
LS0000332;LC000261;FitNest HU Online #0261 - Location 2;HU
LS0000333;LC000262;PulseMarket HU Online #0262 - Location 1;HU
LS0000334;LC000262;PulseMarket HU Online #0262 - Location 2;HU
LS0000335;LC000263;GymMart HU Online #0263 - Location 1;HU
LS0000336;LC000263;GymMart HU Online #0263 - Location 2;HU
LS0000337;LC000264;VitaCare HU #0264 - Location 1;HU
LS0000338;LC000265;CarePharm HU #0265 - Location 1;HU
LS0000339;LC000266;Carrefouk HU #0266 - Location 1;HU
LS0000340;LC000267;Carrefouk HU #0267 - Location 1;HU
LS0000341;LC000267;Carrefouk HU #0267 - Location 2;HU
LS0000342;LC000268;ProSport HU #0268 - Location 1;HU
LS0000343;LC000269;Decatlon HU #0269 - Location 1;HU
LS0000344;LC000270;ProSport HU #0270 - Location 1;HU
LS0000345;LC000271;Intersportt HU #0271 - Location 1;HU
LS0000346;LC000271;Intersportt HU #0271 - Location 2;HU
LS0000347;LC000272;FitZone HU #0272 - Location 1;HU
LS0000348;LC000273;FitZone HU #0273 - Location 1;HU
LS0000349;LC000274;GymMart IE Online #0274 - Location 1;IE
LS0000350;LC000275;VitaBox IE Online #0275 - Location 1;IE
LS0000351;LC000276;VitaBox IE Online #0276 - Location 1;IE
LS0000352;LC000277;PrimeFuel IE Online #0277 - Location 1;IE
LS0000353;LC000277;PrimeFuel IE Online #0277 - Location 2;IE
LS0000354;LC000278;CarePharm IE #0278 - Location 1;IE
LS0000355;LC000278;CarePharm IE #0278 - Location 2;IE
LS0000356;LC000279;CarePharm IE #0279 - Location 1;IE
LS0000357;LC000280;Carrefouk IE #0280 - Location 1;IE
LS0000358;LC000281;Tesko IE #0281 - Location 1;IE
LS0000359;LC000282;Decatlon IE #0282 - Location 1;IE
LS0000360;LC000282;Decatlon IE #0282 - Location 2;IE
LS0000361;LC000283;Decatlon IE #0283 - Location 1;IE
LS0000362;LC000283;Decatlon IE #0283 - Location 2;IE
LS0000363;LC000284;ProSport IE #0284 - Location 1;IE
LS0000364;LC000285;Intersportt IE #0285 - Location 1;IE
LS0000365;LC000286;Decatlon IE #0286 - Location 1;IE
LS0000366;LC000286;Decatlon IE #0286 - Location 2;IE
LS0000367;LC000287;Decathlonn IE #0287 - Location 1;IE
LS0000368;LC000288;PulseMarket IT Online #0288 - Location 1;IT
LS0000369;LC000289;PrimeFuel IT Online #0289 - Location 1;IT
LS0000370;LC000290;VitaBox IT Online #0290 - Location 1;IT
LS0000371;LC000291;VitaBox IT Online #0291 - Location 1;IT
LS0000372;LC000292;VitaBox IT Online #0292 - Location 1;IT
LS0000373;LC000293;FitNest IT Online #0293 - Location 1;IT
LS0000374;LC000293;FitNest IT Online #0293 - Location 2;IT
LS0000375;LC000294;VitaBox IT Online #0294 - Location 1;IT
LS0000376;LC000295;VitaBox IT Online #0295 - Location 1;IT
LS0000377;LC000296;PulseMarket IT Online #0296 - Location 1;IT
LS0000378;LC000297;VitaBox IT Online #0297 - Location 1;IT
LS0000379;LC000298;EuroPharmx IT #0298 - Location 1;IT
LS0000380;LC000299;NutriPharm IT #0299 - Location 1;IT
LS0000381;LC000299;NutriPharm IT #0299 - Location 2;IT
LS0000382;LC000300;NutriPharm IT #0300 - Location 1;IT
LS0000383;LC000301;CarePharm IT #0301 - Location 1;IT
LS0000384;LC000302;EuroPharmx IT #0302 - Location 1;IT
LS0000385;LC000303;Lidll IT #0303 - Location 1;IT
LS0000386;LC000303;Lidll IT #0303 - Location 2;IT
LS0000387;LC000304;Aldii IT #0304 - Location 1;IT
LS0000388;LC000305;Rewee IT #0305 - Location 1;IT
LS0000389;LC000306;Auchon IT #0306 - Location 1;IT
LS0000390;LC000307;Tesko IT #0307 - Location 1;IT
LS0000391;LC000308;Intersportt IT #0308 - Location 1;IT
LS0000392;LC000309;ProSport IT #0309 - Location 1;IT
LS0000393;LC000309;ProSport IT #0309 - Location 2;IT
LS0000394;LC000310;ProSport IT #0310 - Location 1;IT
LS0000395;LC000311;FitZone IT #0311 - Location 1;IT
LS0000396;LC000312;ProSport IT #0312 - Location 1;IT
LS0000397;LC000313;ProSport IT #0313 - Location 1;IT
LS0000398;LC000313;ProSport IT #0313 - Location 2;IT
LS0000399;LC000314;FitZone IT #0314 - Location 1;IT
LS0000400;LC000314;FitZone IT #0314 - Location 2;IT
LS0000401;LC000315;ProSport IT #0315 - Location 1;IT
LS0000402;LC000316;ProSport IT #0316 - Location 1;IT
LS0000403;LC000317;SportDirekt IT #0317 - Location 1;IT
LS0000404;LC000318;Decathlonn IT #0318 - Location 1;IT
LS0000405;LC000319;Intersportt IT #0319 - Location 1;IT
LS0000406;LC000320;Intersportt IT #0320 - Location 1;IT
LS0000407;LC000321;Intersportt IT #0321 - Location 1;IT
LS0000408;LC000322;SportDirekt IT #0322 - Location 1;IT
LS0000409;LC000322;SportDirekt IT #0322 - Location 2;IT
LS0000410;LC000323;PrimeFuel LT Online #0323 - Location 1;LT
LS0000411;LC000324;VitaBox LT Online #0324 - Location 1;LT
LS0000412;LC000325;PrimeFuel LT Online #0325 - Location 1;LT
LS0000413;LC000325;PrimeFuel LT Online #0325 - Location 2;LT
LS0000414;LC000326;GymMart LT Online #0326 - Location 1;LT
LS0000415;LC000327;EuroPharmx LT #0327 - Location 1;LT
LS0000416;LC000328;VitaCare LT #0328 - Location 1;LT
LS0000417;LC000329;Tesko LT #0329 - Location 1;LT
LS0000418;LC000329;Tesko LT #0329 - Location 2;LT
LS0000419;LC000330;Aldii LT #0330 - Location 1;LT
LS0000420;LC000331;Intersportt LT #0331 - Location 1;LT
LS0000421;LC000332;ProSport LT #0332 - Location 1;LT
LS0000422;LC000333;Decathlonn LT #0333 - Location 1;LT
LS0000423;LC000334;Decatlon LT #0334 - Location 1;LT
LS0000424;LC000335;FitZone LT #0335 - Location 1;LT
LS0000425;LC000336;Decathlonn LT #0336 - Location 1;LT
LS0000426;LC000337;GymMart LU Online #0337 - Location 1;LU
LS0000427;LC000337;GymMart LU Online #0337 - Location 2;LU
LS0000428;LC000338;PrimeFuel LU Online #0338 - Location 1;LU
LS0000429;LC000338;PrimeFuel LU Online #0338 - Location 2;LU
LS0000430;LC000339;PulseMarket LU Online #0339 - Location 1;LU
LS0000431;LC000340;PrimeFuel LU Online #0340 - Location 1;LU
LS0000432;LC000341;CarePharm LU #0341 - Location 1;LU
LS0000433;LC000342;CarePharm LU #0342 - Location 1;LU
LS0000434;LC000343;Carrefouk LU #0343 - Location 1;LU
LS0000435;LC000344;Tesko LU #0344 - Location 1;LU
LS0000436;LC000345;ProSport LU #0345 - Location 1;LU
LS0000437;LC000346;Intersportt LU #0346 - Location 1;LU
LS0000438;LC000347;Decathlonn LU #0347 - Location 1;LU
LS0000439;LC000348;ProSport LU #0348 - Location 1;LU
LS0000440;LC000349;SportDirekt LU #0349 - Location 1;LU
LS0000441;LC000350;SportDirekt LU #0350 - Location 1;LU
LS0000442;LC000350;SportDirekt LU #0350 - Location 2;LU
LS0000443;LC000351;PrimeFuel LV Online #0351 - Location 1;LV
LS0000444;LC000352;FitNest LV Online #0352 - Location 1;LV
LS0000445;LC000353;PulseMarket LV Online #0353 - Location 1;LV
LS0000446;LC000354;GymMart LV Online #0354 - Location 1;LV
LS0000447;LC000355;NutriPharm LV #0355 - Location 1;LV
LS0000448;LC000356;VitaCare LV #0356 - Location 1;LV
LS0000449;LC000357;Auchon LV #0357 - Location 1;LV
LS0000450;LC000357;Auchon LV #0357 - Location 2;LV
LS0000451;LC000358;Aldii LV #0358 - Location 1;LV
LS0000452;LC000359;Decathlonn LV #0359 - Location 1;LV
LS0000453;LC000360;ProSport LV #0360 - Location 1;LV
LS0000454;LC000360;ProSport LV #0360 - Location 2;LV
LS0000455;LC000361;FitZone LV #0361 - Location 1;LV
LS0000456;LC000361;FitZone LV #0361 - Location 2;LV
LS0000457;LC000362;Decathlonn LV #0362 - Location 1;LV
LS0000458;LC000363;Decathlonn LV #0363 - Location 1;LV
LS0000459;LC000364;FitZone LV #0364 - Location 1;LV
LS0000460;LC000365;PulseMarket MT Online #0365 - Location 1;MT
LS0000461;LC000366;VitaBox MT Online #0366 - Location 1;MT
LS0000462;LC000367;FitNest MT Online #0367 - Location 1;MT
LS0000463;LC000368;VitaBox MT Online #0368 - Location 1;MT
LS0000464;LC000369;CarePharm MT #0369 - Location 1;MT
LS0000465;LC000370;CarePharm MT #0370 - Location 1;MT
LS0000466;LC000371;Lidll MT #0371 - Location 1;MT
LS0000467;LC000372;Lidll MT #0372 - Location 1;MT
LS0000468;LC000373;FitZone MT #0373 - Location 1;MT
LS0000469;LC000373;FitZone MT #0373 - Location 2;MT
LS0000470;LC000374;ProSport MT #0374 - Location 1;MT
LS0000471;LC000375;SportDirekt MT #0375 - Location 1;MT
LS0000472;LC000376;ProSport MT #0376 - Location 1;MT
LS0000473;LC000377;Decathlonn MT #0377 - Location 1;MT
LS0000474;LC000378;ProSport MT #0378 - Location 1;MT
LS0000475;LC000379;VitaBox NL Online #0379 - Location 1;NL
LS0000476;LC000380;PrimeFuel NL Online #0380 - Location 1;NL
LS0000477;LC000381;PulseMarket NL Online #0381 - Location 1;NL
LS0000478;LC000382;GymMart NL Online #0382 - Location 1;NL
LS0000479;LC000383;FitNest NL Online #0383 - Location 1;NL
LS0000480;LC000384;FitNest NL Online #0384 - Location 1;NL
LS0000481;LC000384;FitNest NL Online #0384 - Location 2;NL
LS0000482;LC000385;NutriPharm NL #0385 - Location 1;NL
LS0000483;LC000385;NutriPharm NL #0385 - Location 2;NL
LS0000484;LC000386;VitaCare NL #0386 - Location 1;NL
LS0000485;LC000387;VitaCare NL #0387 - Location 1;NL
LS0000486;LC000387;VitaCare NL #0387 - Location 2;NL
LS0000487;LC000388;Carrefouk NL #0388 - Location 1;NL
LS0000488;LC000389;Carrefouk NL #0389 - Location 1;NL
LS0000489;LC000390;Auchon NL #0390 - Location 1;NL
LS0000490;LC000391;FitZone NL #0391 - Location 1;NL
LS0000491;LC000392;Decatlon NL #0392 - Location 1;NL
LS0000492;LC000392;Decatlon NL #0392 - Location 2;NL
LS0000493;LC000393;Intersportt NL #0393 - Location 1;NL
LS0000494;LC000394;FitZone NL #0394 - Location 1;NL
LS0000495;LC000394;FitZone NL #0394 - Location 2;NL
LS0000496;LC000395;Intersportt NL #0395 - Location 1;NL
LS0000497;LC000396;ProSport NL #0396 - Location 1;NL
LS0000498;LC000397;Intersportt NL #0397 - Location 1;NL
LS0000499;LC000398;Decathlonn NL #0398 - Location 1;NL
LS0000500;LC000399;Decatlon NL #0399 - Location 1;NL
LS0000501;LC000400;PrimeFuel PL Online #0400 - Location 1;PL
LS0000502;LC000401;FitNest PL Online #0401 - Location 1;PL
LS0000503;LC000402;GymMart PL Online #0402 - Location 1;PL
LS0000504;LC000403;PulseMarket PL Online #0403 - Location 1;PL
LS0000505;LC000404;FitNest PL Online #0404 - Location 1;PL
LS0000506;LC000405;VitaBox PL Online #0405 - Location 1;PL
LS0000507;LC000406;VitaCare PL #0406 - Location 1;PL
LS0000508;LC000407;NutriPharm PL #0407 - Location 1;PL
LS0000509;LC000407;NutriPharm PL #0407 - Location 2;PL
LS0000510;LC000408;VitaCare PL #0408 - Location 1;PL
LS0000511;LC000409;Tesko PL #0409 - Location 1;PL
LS0000512;LC000410;Tesko PL #0410 - Location 1;PL
LS0000513;LC000411;Auchon PL #0411 - Location 1;PL
LS0000514;LC000412;Intersportt PL #0412 - Location 1;PL
LS0000515;LC000413;FitZone PL #0413 - Location 1;PL
LS0000516;LC000414;Decatlon PL #0414 - Location 1;PL
LS0000517;LC000415;SportDirekt PL #0415 - Location 1;PL
LS0000518;LC000416;Decathlonn PL #0416 - Location 1;PL
LS0000519;LC000417;Intersportt PL #0417 - Location 1;PL
LS0000520;LC000417;Intersportt PL #0417 - Location 2;PL
LS0000521;LC000418;Intersportt PL #0418 - Location 1;PL
LS0000522;LC000419;FitZone PL #0419 - Location 1;PL
LS0000523;LC000419;FitZone PL #0419 - Location 2;PL
LS0000524;LC000420;Decathlonn PL #0420 - Location 1;PL
LS0000525;LC000421;FitNest PT Online #0421 - Location 1;PT
LS0000526;LC000422;PrimeFuel PT Online #0422 - Location 1;PT
LS0000527;LC000423;PrimeFuel PT Online #0423 - Location 1;PT
LS0000528;LC000423;PrimeFuel PT Online #0423 - Location 2;PT
LS0000529;LC000424;VitaBox PT Online #0424 - Location 1;PT
LS0000530;LC000424;VitaBox PT Online #0424 - Location 2;PT
LS0000531;LC000425;GymMart PT Online #0425 - Location 1;PT
LS0000532;LC000426;PrimeFuel PT Online #0426 - Location 1;PT
LS0000533;LC000427;NutriPharm PT #0427 - Location 1;PT
LS0000534;LC000428;NutriPharm PT #0428 - Location 1;PT
LS0000535;LC000429;CarePharm PT #0429 - Location 1;PT
LS0000536;LC000430;Rewee PT #0430 - Location 1;PT
LS0000537;LC000431;Rewee PT #0431 - Location 1;PT
LS0000538;LC000431;Rewee PT #0431 - Location 2;PT
LS0000539;LC000432;Tesko PT #0432 - Location 1;PT
LS0000540;LC000433;Decathlonn PT #0433 - Location 1;PT
LS0000541;LC000434;Decatlon PT #0434 - Location 1;PT
LS0000542;LC000434;Decatlon PT #0434 - Location 2;PT
LS0000543;LC000435;Intersportt PT #0435 - Location 1;PT
LS0000544;LC000436;FitZone PT #0436 - Location 1;PT
LS0000545;LC000437;FitZone PT #0437 - Location 1;PT
LS0000546;LC000438;FitZone PT #0438 - Location 1;PT
LS0000547;LC000439;FitZone PT #0439 - Location 1;PT
LS0000548;LC000439;FitZone PT #0439 - Location 2;PT
LS0000549;LC000440;Intersportt PT #0440 - Location 1;PT
LS0000550;LC000441;Intersportt PT #0441 - Location 1;PT
LS0000551;LC000441;Intersportt PT #0441 - Location 2;PT
LS0000552;LC000442;PulseMarket RO Online #0442 - Location 1;RO
LS0000553;LC000443;FitNest RO Online #0443 - Location 1;RO
LS0000554;LC000444;PulseMarket RO Online #0444 - Location 1;RO
LS0000555;LC000445;FitNest RO Online #0445 - Location 1;RO
LS0000556;LC000445;FitNest RO Online #0445 - Location 2;RO
LS0000557;LC000446;VitaCare RO #0446 - Location 1;RO
LS0000558;LC000446;VitaCare RO #0446 - Location 2;RO
LS0000559;LC000447;VitaCare RO #0447 - Location 1;RO
LS0000560;LC000448;Aldii RO #0448 - Location 1;RO
LS0000561;LC000449;Rewee RO #0449 - Location 1;RO
LS0000562;LC000450;ProSport RO #0450 - Location 1;RO
LS0000563;LC000450;ProSport RO #0450 - Location 2;RO
LS0000564;LC000451;Decatlon RO #0451 - Location 1;RO
LS0000565;LC000452;Decatlon RO #0452 - Location 1;RO
LS0000566;LC000453;ProSport RO #0453 - Location 1;RO
LS0000567;LC000453;ProSport RO #0453 - Location 2;RO
LS0000568;LC000454;Decatlon RO #0454 - Location 1;RO
LS0000569;LC000454;Decatlon RO #0454 - Location 2;RO
LS0000570;LC000455;Decathlonn RO #0455 - Location 1;RO
LS0000571;LC000456;PrimeFuel SE Online #0456 - Location 1;SE
LS0000572;LC000457;GymMart SE Online #0457 - Location 1;SE
LS0000573;LC000458;FitNest SE Online #0458 - Location 1;SE
LS0000574;LC000459;PulseMarket SE Online #0459 - Location 1;SE
LS0000575;LC000460;PulseMarket SE Online #0460 - Location 1;SE
LS0000576;LC000461;PulseMarket SE Online #0461 - Location 1;SE
LS0000577;LC000461;PulseMarket SE Online #0461 - Location 2;SE
LS0000578;LC000462;NutriPharm SE #0462 - Location 1;SE
LS0000579;LC000462;NutriPharm SE #0462 - Location 2;SE
LS0000580;LC000463;EuroPharmx SE #0463 - Location 1;SE
LS0000581;LC000463;EuroPharmx SE #0463 - Location 2;SE
LS0000582;LC000464;NutriPharm SE #0464 - Location 1;SE
LS0000583;LC000465;Auchon SE #0465 - Location 1;SE
LS0000584;LC000466;Lidll SE #0466 - Location 1;SE
LS0000585;LC000467;Aldii SE #0467 - Location 1;SE
LS0000586;LC000468;ProSport SE #0468 - Location 1;SE
LS0000587;LC000469;ProSport SE #0469 - Location 1;SE
LS0000588;LC000470;Intersportt SE #0470 - Location 1;SE
LS0000589;LC000471;Decathlonn SE #0471 - Location 1;SE
LS0000590;LC000471;Decathlonn SE #0471 - Location 2;SE
LS0000591;LC000472;Decatlon SE #0472 - Location 1;SE
LS0000592;LC000473;Decatlon SE #0473 - Location 1;SE
LS0000593;LC000473;Decatlon SE #0473 - Location 2;SE
LS0000594;LC000474;Decathlonn SE #0474 - Location 1;SE
LS0000595;LC000474;Decathlonn SE #0474 - Location 2;SE
LS0000596;LC000475;SportDirekt SE #0475 - Location 1;SE
LS0000597;LC000476;FitZone SE #0476 - Location 1;SE
LS0000598;LC000477;PulseMarket SI Online #0477 - Location 1;SI
LS0000599;LC000478;VitaBox SI Online #0478 - Location 1;SI
LS0000600;LC000479;FitNest SI Online #0479 - Location 1;SI
LS0000601;LC000480;FitNest SI Online #0480 - Location 1;SI
LS0000602;LC000481;CarePharm SI #0481 - Location 1;SI
LS0000603;LC000482;NutriPharm SI #0482 - Location 1;SI
LS0000604;LC000483;Aldii SI #0483 - Location 1;SI
LS0000605;LC000484;Tesko SI #0484 - Location 1;SI
LS0000606;LC000485;Decathlonn SI #0485 - Location 1;SI
LS0000607;LC000486;FitZone SI #0486 - Location 1;SI
LS0000608;LC000486;FitZone SI #0486 - Location 2;SI
LS0000609;LC000487;Decatlon SI #0487 - Location 1;SI
LS0000610;LC000487;Decatlon SI #0487 - Location 2;SI
LS0000611;LC000488;ProSport SI #0488 - Location 1;SI
LS0000612;LC000489;SportDirekt SI #0489 - Location 1;SI
LS0000613;LC000490;FitZone SI #0490 - Location 1;SI
LS0000614;LC000490;FitZone SI #0490 - Location 2;SI
LS0000615;LC000491;PrimeFuel SK Online #0491 - Location 1;SK
LS0000616;LC000491;PrimeFuel SK Online #0491 - Location 2;SK
LS0000617;LC000492;FitNest SK Online #0492 - Location 1;SK
LS0000618;LC000493;GymMart SK Online #0493 - Location 1;SK
LS0000619;LC000494;PulseMarket SK Online #0494 - Location 1;SK
LS0000620;LC000495;CarePharm SK #0495 - Location 1;SK
LS0000621;LC000495;CarePharm SK #0495 - Location 2;SK
LS0000622;LC000496;CarePharm SK #0496 - Location 1;SK
LS0000623;LC000497;Tesko SK #0497 - Location 1;SK
LS0000624;LC000498;Lidll SK #0498 - Location 1;SK
LS0000625;LC000499;Decatlon SK #0499 - Location 1;SK
LS0000626;LC000499;Decatlon SK #0499 - Location 2;SK
LS0000627;LC000500;SportDirekt SK #0500 - Location 1;SK
LS0000628;LC000500;SportDirekt SK #0500 - Location 2;SK
LS0000629;LC000501;ProSport SK #0501 - Location 1;SK
LS0000630;LC000502;Decatlon SK #0502 - Location 1;SK
LS0000631;LC000503;Decathlonn SK #0503 - Location 1;SK
LS0000632;LC000504;ProSport SK #0504 - Location 1;SK
